gene_id,symbol,gene_name,log2_fold_change,logCPM,PValue,FDR,entrezgene_id
ENSG00000013275,PSMC4,"proteasome 26S subunit, ATPase 4",2.469647769,7.208620664,1.42E-215,1.92E-211,5704
ENSG00000113387,SUB1,SUB1 regulator of transcription,2.936423775,9.246454513,5.10E-199,3.45E-195,10923
ENSG00000104853,CLPTM1,CLPTM1 regulator of GABA type A receptor forward trafficking,2.3429451,7.557709597,6.46E-186,2.91E-182,1209
ENSG00000167635,ZNF146,zinc finger protein 146,2.896679787,7.398155186,1.78E-170,6.04E-167,7705
ENSG00000143110,C1orf162,chromosome 1 open reading frame 162,3.240808319,8.703768025,9.55E-168,2.59E-164,128346
ENSG00000087302,RTRAF,"RNA transcription, translation and transport factor",2.382460219,7.377414646,5.86E-167,1.32E-163,51637
ENSG00000105185,PDCD5,programmed cell death 5,2.318561383,5.863073663,1.54E-160,2.98E-157,9141
ENSG00000050130,JKAMP,JNK1/MAPK8 associated membrane protein,2.558782792,6.383472877,7.16E-152,1.21E-148,51528
ENSG00000173915,ATP5MK,ATP synthase membrane subunit k,2.382072647,6.57263001,5.83E-150,8.78E-147,84833
ENSG00000116030,SUMO1,small ubiquitin like modifier 1,1.86614825,6.862009993,1.26E-140,1.71E-137,7341
ENSG00000124562,SNRPC,small nuclear ribonucleoprotein polypeptide C,1.91471323,6.563784477,4.12E-139,5.07E-136,6631
ENSG00000119929,CUTC,cutC copper transporter,1.985210679,5.934899664,1.23E-138,1.39E-135,51076
ENSG00000235082,SUMO1P3,SUMO1 pseudogene 3,2.222094773,5.103981636,2.88E-138,3.00E-135,
ENSG00000185088,RPS27L,ribosomal protein S27 like,2.463111607,6.687795837,8.14E-138,7.87E-135,51065
ENSG00000218739,CEBPZOS,CEBPZ opposite strand,2.048990858,6.170757328,1.05E-135,9.44E-133,100505876
ENSG00000104613,INTS10,integrator complex subunit 10,1.676597669,6.860362883,2.59E-132,2.19E-129,55174
ENSG00000176261,ZBTB8OS,zinc finger and BTB domain containing 8 opposite strand,2.000971953,5.241680092,3.87E-132,3.08E-129,339487
ENSG00000237350,CDC42P6,cell division cycle 42 pseudogene 6,2.115451873,6.7878563,5.14E-132,3.86E-129,
ENSG00000078668,VDAC3,voltage dependent anion channel 3,2.361253485,7.494570848,1.46E-131,1.04E-128,7419
ENSG00000181061,HIGD1A,HIG1 hypoxia inducible domain family member 1A,2.104705813,5.621787759,1.63E-128,1.10E-125,25994
ENSG00000169019,COMMD8,COMM domain containing 8,2.143389723,5.638465084,2.56E-128,1.65E-125,54951
ENSG00000105879,CBLL1,Cbl proto-oncogene like 1,2.114059479,6.88366144,2.29E-123,1.41E-120,79872
ENSG00000213585,VDAC1,voltage dependent anion channel 1,1.907131248,6.658269945,1.47E-117,8.67E-115,7416
ENSG00000146223,RPL7L1,ribosomal protein L7 like 1,1.708112095,7.13265308,2.61E-117,1.47E-114,285855
ENSG00000083099,LYRM2,LYR motif containing 2,1.877128825,5.373172907,4.29E-117,2.32E-114,57226
ENSG00000210196,MT-TP,mitochondrially encoded tRNA-Pro (CCN),4.145761076,9.129467536,3.50E-113,1.82E-110,
ENSG00000205581,HMGN1,high mobility group nucleosome binding domain 1,1.412004708,8.052014484,2.15E-111,1.08E-108,3150
ENSG00000111481,COPZ1,COPI coat complex subunit zeta 1,1.836009444,7.567217339,2.46E-110,1.19E-107,22818
ENSG00000206573,THUMPD3-AS1,THUMPD3 antisense RNA 1,2.180282327,5.169511018,2.50E-108,1.17E-105,440944
ENSG00000014641,MDH1,malate dehydrogenase 1,1.90058972,7.054405901,2.86E-107,1.29E-104,4190
ENSG00000172172,MRPL13,mitochondrial ribosomal protein L13,2.300259949,5.158010946,1.91E-106,8.35E-104,28998
ENSG00000061794,MRPS35,mitochondrial ribosomal protein S35,1.816320864,6.072824986,5.11E-106,2.16E-103,60488
ENSG00000151092,NGLY1,N-glycanase 1,1.61869261,5.961735348,8.69E-106,3.57E-103,55768
ENSG00000114902,SPCS1,signal peptidase complex subunit 1,1.554426257,6.734554244,3.00E-105,1.19E-102,28972
ENSG00000210077,MT-TV,mitochondrially encoded tRNA-Val (GUN),6.62347185,7.362362851,9.45E-103,3.66E-100,
ENSG00000273841,TAF9,TATA-box binding protein associated factor 9,1.858642546,5.611315522,6.10E-102,2.29E-99,6880
ENSG00000143933,CALM2,calmodulin 2,2.355117586,9.996089784,7.09E-102,2.60E-99,805
ENSG00000129055,ANAPC13,anaphase promoting complex subunit 13,2.336280675,6.310802396,8.51E-102,3.03E-99,25847
ENSG00000128708,HAT1,histone acetyltransferase 1,1.684717501,5.836757838,9.17E-102,3.18E-99,8520
ENSG00000150459,SAP18,Sin3A associated protein 18,1.519143774,7.585972387,1.68E-101,5.67E-99,10284
ENSG00000169714,CNBP,CCHC-type zinc finger nucleic acid binding protein,1.370470774,9.682451251,3.02E-101,9.98E-99,7555
ENSG00000122033,MTIF3,mitochondrial translational initiation factor 3,1.852930035,5.474494745,7.55E-100,2.44E-97,219402
ENSG00000111142,METAP2,methionyl aminopeptidase 2,1.719036327,6.847466829,1.76E-99,5.54E-97,10988
ENSG00000210049,MT-TF,mitochondrially encoded tRNA-Phe (UUU/C),7.884644378,7.420473991,2.62E-99,8.05E-97,
ENSG00000204227,RING1,ring finger protein 1,1.287553781,6.357301328,2.79E-96,8.40E-94,6015
ENSG00000177879,AP3S1,adaptor related protein complex 3 subunit sigma 1,1.733206519,6.609184496,1.02E-95,3.02E-93,1176
ENSG00000088247,KHSRP,KH-type splicing regulatory protein,1.406527208,7.505872527,1.13E-95,3.25E-93,8570
ENSG00000081870,HSPB11,heat shock protein family B (small) member 11,1.702099915,5.088584181,1.79E-95,5.05E-93,51668
ENSG00000136888,ATP6V1G1,ATPase H+ transporting V1 subunit G1,1.530860529,7.853374567,8.33E-95,2.30E-92,9550
ENSG00000170310,STX8,syntaxin 8,2.074462018,5.570699147,1.05E-94,2.86E-92,9482
ENSG00000118418,HMGN3,high mobility group nucleosomal binding domain 3,1.60826531,6.065606591,1.11E-94,2.95E-92,9324
ENSG00000198721,ECI2,enoyl-CoA delta isomerase 2,1.962134719,4.885631313,3.64E-91,9.49E-89,10455
ENSG00000085231,AK6,adenylate kinase 6,2.402805168,4.170223413,4.84E-91,1.24E-88,102157402
ENSG00000211459,MT-RNR1,mitochondrially encoded 12S rRNA,5.200641648,16.0823106,1.79E-89,4.48E-87,
ENSG00000196511,TPK1,thiamin pyrophosphokinase 1,2.0513803,5.109045767,2.45E-89,6.02E-87,27010
ENSG00000163634,THOC7,THO complex subunit 7,1.609940283,5.770055743,1.26E-88,3.05E-86,80145
ENSG00000147604,RPL7,ribosomal protein L7,2.279876574,9.050025426,1.78E-88,4.22E-86,6129
ENSG00000137970,RPL7P9,ribosomal protein L7 pseudogene 9,2.419227221,10.65625192,5.72E-88,1.34E-85,
ENSG00000185862,EVI2B,ecotropic viral integration site 2B,2.571598778,9.236313217,3.04E-87,6.99E-85,2124
ENSG00000146007,ZMAT2,zinc finger matrin-type 2,1.855125612,7.725003731,3.35E-87,7.45E-85,153527
ENSG00000109534,GAR1,GAR1 ribonucleoprotein,1.670988427,4.535580323,3.36E-87,7.45E-85,54433
ENSG00000105698,USF2,"upstream transcription factor 2, c-fos interacting",1.231084567,8.216000259,9.82E-87,2.14E-84,7392
ENSG00000214485,RPL7P1,ribosomal protein L7 pseudogene 1,2.501847538,9.830612384,1.01E-86,2.16E-84,
ENSG00000155959,VBP1,VHL binding protein 1,1.789781981,5.59073714,3.12E-85,6.59E-83,7411
ENSG00000105329,TGFB1,transforming growth factor beta 1,1.761207501,9.517389909,1.19E-84,2.48E-82,7040
ENSG00000158019,BABAM2,BRISC and BRCA1 A complex member 2,1.477867919,5.293358245,2.62E-84,5.38E-82,9577
ENSG00000111845,PAK1IP1,PAK1 interacting protein 1,2.221389917,4.361701384,3.64E-84,7.35E-82,55003
ENSG00000101052,IFT52,intraflagellar transport 52,1.814587291,5.317980008,1.03E-83,2.05E-81,51098
ENSG00000143727,ACP1,acid phosphatase 1,1.450256194,7.076408971,3.45E-83,6.67E-81,52
ENSG00000147687,TATDN1,TatD DNase domain containing 1,2.098255177,4.726034755,3.61E-82,6.89E-80,83940
ENSG00000133321,PLAAT4,phospholipase A and acyltransferase 4,1.756197697,7.538475099,3.42E-81,6.42E-79,5920
ENSG00000155329,ZCCHC10,zinc finger CCHC-type containing 10,1.913697515,4.753054748,1.94E-78,3.54E-76,54819
ENSG00000113732,ATP6V0E1,ATPase H+ transporting V0 subunit e1,1.607257716,8.089625459,6.15E-78,1.11E-75,8992
ENSG00000210194,MT-TE,mitochondrially encoded tRNA-Glu (GAA/G),4.453446092,4.557106867,1.20E-77,2.14E-75,
ENSG00000127483,HP1BP3,heterochromatin protein 1 binding protein 3,1.092446681,8.292548124,1.62E-77,2.85E-75,50809
ENSG00000011007,ELOA,elongin A,1.622589218,6.142570471,3.04E-77,5.29E-75,6924
ENSG00000131100,ATP6V1E1,ATPase H+ transporting V1 subunit E1,1.2350789,6.756141051,1.07E-76,1.84E-74,529
ENSG00000078808,SDF4,stromal cell derived factor 4,1.164893356,7.810614429,4.68E-75,7.93E-73,51150
ENSG00000151348,EXT2,exostosin glycosyltransferase 2,1.409240892,6.007523685,9.69E-75,1.62E-72,2132
ENSG00000108107,RPL28,ribosomal protein L28,1.670020787,10.80594121,2.92E-74,4.83E-72,6158
ENSG00000093144,ECHDC1,ethylmalonyl-CoA decarboxylase 1,1.783124111,6.497999098,3.00E-74,4.90E-72,55862
ENSG00000065518,NDUFB4,NADH:ubiquinone oxidoreductase subunit B4,1.329908335,6.179833323,5.77E-74,9.30E-72,4710
ENSG00000244398,RPL36AP37,ribosomal protein L36a pseudogene 37,2.024438449,9.908121393,1.62E-73,2.59E-71,
ENSG00000027075,PRKCH,protein kinase C eta,1.580735162,8.57174085,2.97E-73,4.68E-71,5583
ENSG00000269893,SNHG8,small nucleolar RNA host gene 8,2.280377429,6.617369842,5.40E-73,8.41E-71,
ENSG00000114021,NIT2,nitrilase family member 2,1.462625086,4.987784963,3.92E-72,6.04E-70,56954
ENSG00000243317,STMP1,short transmembrane mitochondrial protein 1,2.071592333,7.07958876,5.83E-72,8.87E-70,647087
ENSG00000253954,HMGN1P38,high mobility group nucleosome binding domain 1 pseudogene 38,1.599270827,5.048455576,3.63E-71,5.40E-69,
ENSG00000160563,MED27,mediator complex subunit 27,1.704017312,4.463023496,4.67E-71,6.87E-69,9442
ENSG00000236287,ZBED5,zinc finger BED-type containing 5,1.539466788,6.543493976,6.59E-71,9.60E-69,58486
ENSG00000177556,ATOX1,antioxidant 1 copper chaperone,1.802974801,4.793070759,2.90E-70,4.17E-68,475
ENSG00000140350,ANP32A,acidic nuclear phosphoprotein 32 family member A,1.328798317,8.153015317,1.89E-69,2.70E-67,8125
ENSG00000209082,MT-TL1,mitochondrially encoded tRNA-Leu (UUA/G) 1,4.754944584,5.545884734,4.52E-69,6.31E-67,
ENSG00000270647,TAF15,TATA-box binding protein associated factor 15,1.092666869,8.164315673,8.54E-69,1.18E-66,8148
ENSG00000241468,ATP5MF,ATP synthase membrane subunit f,1.490752543,5.699978001,1.61E-68,2.20E-66,9551
ENSG00000136521,NDUFB5,NADH:ubiquinone oxidoreductase subunit B5,1.65635771,6.242697854,5.12E-68,6.94E-66,4711
ENSG00000155729,KCTD18,potassium channel tetramerization domain containing 18,1.359992197,5.451504877,6.17E-68,8.28E-66,130535
ENSG00000167699,GLOD4,glyoxalase domain containing 4,1.230765826,6.728357544,6.39E-68,8.48E-66,51031
ENSG00000131779,PEX11B,peroxisomal biogenesis factor 11 beta,1.4471505,5.017142574,7.09E-68,9.32E-66,8799
ENSG00000140395,SKIC8,SKI8 subunit of superkiller complex,1.444673136,5.540645444,9.32E-68,1.21E-65,80349
ENSG00000110848,CD69,CD69 molecule,3.1632802,9.030475843,9.96E-68,1.29E-65,969
ENSG00000167004,PDIA3,protein disulfide isomerase family A member 3,1.124606953,8.230741617,1.03E-67,1.31E-65,2923
ENSG00000160714,UBE2Q1,ubiquitin conjugating enzyme E2 Q1,1.002513464,6.782632948,1.40E-67,1.78E-65,55585
ENSG00000023697,DERA,deoxyribose-phosphate aldolase,1.719457263,5.065104119,3.36E-67,4.21E-65,51071
ENSG00000164305,CASP3,caspase 3,1.72988479,6.006462841,7.14E-67,8.87E-65,836
ENSG00000241553,ARPC4,actin related protein 2/3 complex subunit 4,1.423732586,7.880815169,1.00E-65,1.23E-63,10093
ENSG00000175550,DRAP1,DR1 associated protein 1,1.098536643,7.142765503,1.24E-65,1.51E-63,10589
ENSG00000171202,TMEM126A,transmembrane protein 126A,1.813789697,4.561407367,1.51E-65,1.83E-63,84233
ENSG00000122873,CISD1,CDGSH iron sulfur domain 1,2.562562788,3.889288158,2.42E-65,2.90E-63,55847
ENSG00000154723,ATP5PF,ATP synthase peripheral stalk subunit F6,1.842253548,5.845190822,4.33E-65,5.14E-63,522
ENSG00000167554,ZNF610,zinc finger protein 610,5.067545565,2.979909414,9.00E-65,1.06E-62,162963
ENSG00000113068,PFDN1,prefoldin subunit 1,1.417926306,5.927791827,2.51E-64,2.93E-62,5201
ENSG00000198695,MT-ND6,mitochondrially encoded NADH:ubiquinone oxidoreductase core subunit 6,2.379518088,11.81455352,1.00E-63,1.15E-61,4541
ENSG00000131171,SH3BGRL,SH3 domain binding glutamate rich protein like,1.260762912,8.202008214,1.33E-63,1.52E-61,6451
ENSG00000151093,OXSM,"3-oxoacyl-ACP synthase, mitochondrial",2.085142914,3.844711616,2.65E-63,2.97E-61,54995
ENSG00000134453,RBM17,RNA binding motif protein 17,1.030268607,6.770447736,3.87E-63,4.30E-61,84991
ENSG00000173486,FKBP2,FKBP prolyl isomerase 2,1.378656711,5.603422339,1.25E-62,1.38E-60,2286
ENSG00000198727,MT-CYB,mitochondrially encoded cytochrome b,3.412011069,14.05450103,1.27E-62,1.38E-60,4519
ENSG00000096746,HNRNPH3,heterogeneous nuclear ribonucleoprotein H3,1.039388893,7.894413848,1.75E-62,1.90E-60,3189
ENSG00000075188,NUP37,nucleoporin 37,1.918315825,4.318809668,1.23E-61,1.31E-59,79023
ENSG00000065154,OAT,ornithine aminotransferase,1.707450695,6.466044224,3.04E-61,3.19E-59,4942
ENSG00000037241,RPL26L1,ribosomal protein L26 like 1,2.053914724,3.896782477,9.46E-61,9.85E-59,51121
ENSG00000113369,ARRDC3,arrestin domain containing 3,1.685374415,9.087189331,2.37E-60,2.45E-58,57561
ENSG00000171497,PPID,peptidylprolyl isomerase D,1.524851292,4.90035528,2.77E-60,2.84E-58,5481
ENSG00000151657,KIN,Kin17 DNA and RNA binding protein,1.675343312,4.340072791,3.04E-60,3.09E-58,22944
ENSG00000163812,ZDHHC3,zinc finger DHHC-type palmitoyltransferase 3,1.099385612,6.371311621,5.35E-60,5.41E-58,51304
ENSG00000176209,SMIM19,small integral membrane protein 19,1.654190653,4.847233659,5.71E-60,5.73E-58,114926
ENSG00000159692,CTBP1,C-terminal binding protein 1,1.047223888,7.607499173,1.04E-59,1.04E-57,1487
ENSG00000172799,ZBTB8OSP2,zinc finger and BTB domain containing 8 opposite strand pseudogene 2,2.499487419,3.169728316,2.04E-59,2.02E-57,
ENSG00000109390,NDUFC1,NADH:ubiquinone oxidoreductase subunit C1,1.488548666,4.568954715,2.93E-59,2.86E-57,4717
ENSG00000166170,BAG5,BAG cochaperone 5,1.361061226,6.264600883,7.91E-59,7.65E-57,9529
ENSG00000081154,PCNP,PEST proteolytic signal containing nuclear protein,1.069851765,7.626069607,9.38E-59,9.01E-57,57092
ENSG00000163170,BOLA3,bolA family member 3,2.291245551,3.633257195,2.04E-58,1.94E-56,388962
ENSG00000065548,ZC3H15,zinc finger CCCH-type containing 15,1.189643161,6.757600676,2.19E-58,2.07E-56,55854
ENSG00000005486,RHBDD2,rhomboid domain containing 2,1.367812686,6.516130295,2.47E-58,2.32E-56,57414
ENSG00000109919,MTCH2,mitochondrial carrier 2,1.171038685,5.475125442,6.36E-58,5.94E-56,23788
ENSG00000118518,RNF146,ring finger protein 146,1.174065678,5.780864182,1.72E-57,1.60E-55,81847
ENSG00000124596,OARD1,O-acyl-ADP-ribose deacylase 1,1.258950882,5.140586466,2.01E-57,1.85E-55,221443
ENSG00000257815,PRANCR,progenitor renewal associated non-coding RNA,2.436637956,2.943431399,2.20E-57,2.01E-55,101928062
ENSG00000162385,MAGOH,"mago homolog, exon junction complex subunit",1.15589053,5.616238516,6.41E-57,5.75E-55,4116
ENSG00000073905,VDAC1P1,voltage dependent anion channel 1 pseudogene 1,1.830676648,2.806810146,1.48E-56,1.32E-54,
ENSG00000164919,COX6C,cytochrome c oxidase subunit 6C,1.25961682,6.958040969,3.14E-56,2.78E-54,1345
ENSG00000126261,UBA2,ubiquitin like modifier activating enzyme 2,1.092776253,6.978920758,8.04E-56,7.03E-54,10054
ENSG00000104412,EMC2,ER membrane protein complex subunit 2,1.68442975,4.410982965,1.30E-55,1.13E-53,9694
ENSG00000134333,LDHA,lactate dehydrogenase A,1.122973842,8.081232456,2.93E-55,2.52E-53,3939
ENSG00000136159,NUDT15,nudix hydrolase 15,2.021979582,4.131781831,2.99E-55,2.56E-53,55270
ENSG00000107937,GTPBP4,GTP binding protein 4,1.224609775,5.841269298,5.01E-55,4.22E-53,23560
ENSG00000113558,SKP1,S-phase kinase associated protein 1,1.085761217,7.651034624,5.58E-55,4.66E-53,6500
ENSG00000235734,HMGN1P36,high mobility group nucleosome binding domain 1 pseudogene 36,1.78028405,4.016508039,1.15E-54,9.49E-53,
ENSG00000180867,PDIA3P1,protein disulfide isomerase family A member 3 pseudogene 1,1.162729654,5.573754127,2.05E-54,1.68E-52,
ENSG00000198888,MT-ND1,mitochondrially encoded NADH:ubiquinone oxidoreductase core subunit 1,3.453251745,13.86254462,4.24E-54,3.46E-52,4535
ENSG00000170142,UBE2E1,ubiquitin conjugating enzyme E2 E1,1.223339571,5.89488334,4.74E-54,3.82E-52,7324
ENSG00000229097,CALM2P2,calmodulin 2 pseudogene 2,2.299987409,4.343855874,1.82E-53,1.43E-51,
ENSG00000101079,NDRG3,NDRG family member 3,1.195181534,6.069096302,9.02E-53,6.94E-51,57446
ENSG00000182054,IDH2,isocitrate dehydrogenase (NADP(+)) 2,1.250654554,7.140169631,1.14E-52,8.70E-51,3418
ENSG00000151611,MMAA,metabolism of cobalamin associated A,1.826522963,3.85592979,2.72E-52,2.06E-50,166785
ENSG00000258733,LINC02328,long intergenic non-protein coding RNA 2328,2.29627897,3.466468638,3.36E-52,2.53E-50,
ENSG00000138382,METTL5,"methyltransferase 5, N6-adenosine",1.690157734,4.701413181,4.39E-52,3.29E-50,29081
ENSG00000102898,NUTF2,nuclear transport factor 2,1.192716576,6.043090491,4.72E-52,3.51E-50,10204
ENSG00000267809,NDUFV2P1,NADH:ubiquinone oxidoreductase core subunit V2 pseudogene 1,1.455865126,4.346591669,1.21E-51,8.94E-50,
ENSG00000100982,PCIF1,phosphorylated CTD interacting factor 1,1.171028864,6.595289322,1.35E-51,9.82E-50,63935
ENSG00000165632,TAF3,TATA-box binding protein associated factor 3,1.113275362,5.833220521,1.53E-51,1.11E-49,83860
ENSG00000101166,PRELID3B,PRELI domain containing 3B,1.286614475,6.37397022,1.68E-51,1.20E-49,51012
ENSG00000154589,LY96,lymphocyte antigen 96,2.616119568,5.433497445,1.88E-51,1.34E-49,23643
ENSG00000140598,EFL1,elongation factor like GTPase 1,1.285599698,4.894100413,4.68E-51,3.32E-49,79631
ENSG00000102245,CD40LG,CD40 ligand,1.910569011,5.157524336,5.14E-51,3.63E-49,959
ENSG00000066583,ISOC1,isochorismatase domain containing 1,1.616218207,4.40017521,5.43E-51,3.81E-49,51015
ENSG00000055130,CUL1,cullin 1,1.012366998,6.429536967,1.08E-50,7.51E-49,8454
ENSG00000235162,C12orf75,chromosome 12 open reading frame 75,1.840638699,6.72655047,2.14E-50,1.47E-48,387882
ENSG00000058799,YIPF1,Yip1 domain family member 1,1.61325444,5.030645164,2.14E-49,1.45E-47,54432
ENSG00000136146,MED4,mediator complex subunit 4,1.112376116,5.866521594,4.55E-49,3.05E-47,29079
ENSG00000150681,RGS18,regulator of G protein signaling 18,3.455436846,8.947188918,6.20E-49,4.11E-47,64407
ENSG00000105171,POP4,"POP4 homolog, ribonuclease P/MRP subunit",1.25988595,5.688481015,1.89E-48,1.24E-46,10775
ENSG00000227081,,ribosomal protein S27 (RPS27) pseudogene,1.552284272,10.71434285,2.06E-48,1.35E-46,
ENSG00000158290,CUL4B,cullin 4B,1.190794423,6.546662359,6.46E-48,4.19E-46,8450
ENSG00000163584,RPL22L1,ribosomal protein L22 like 1,1.653034236,5.47163179,1.48E-47,9.44E-46,200916
ENSG00000179091,CYC1,cytochrome c1,1.019821014,6.625276087,6.76E-47,4.22E-45,1537
ENSG00000110063,DCPS,"decapping enzyme, scavenger",1.497243695,4.749595078,7.21E-47,4.46E-45,28960
ENSG00000136514,RTP4,receptor transporter protein 4,1.958861678,4.281614265,1.02E-46,6.20E-45,64108
ENSG00000169564,PCBP1,poly(rC) binding protein 1,1.042329517,8.014010833,2.28E-46,1.37E-44,5093
ENSG00000248569,,mediator complex subunit 27 (MED27) pseudogene,1.71744332,3.271974975,5.22E-46,3.11E-44,
ENSG00000089327,FXYD5,FXYD domain containing ion transport regulator 5,1.141086597,8.073712919,6.97E-46,4.14E-44,53827
ENSG00000104218,CSPP1,centrosome and spindle pole associated protein 1,1.264569517,4.874397132,9.16E-46,5.42E-44,79848
ENSG00000204397,CARD16,caspase recruitment domain family member 16,1.367837649,6.171148977,2.42E-45,1.42E-43,114769
ENSG00000168904,LRRC28,leucine rich repeat containing 28,1.522867249,4.285334263,3.90E-45,2.27E-43,123355
ENSG00000253341,PCBP2P2,poly(rC) binding protein 2 pseudogene 2,1.123808425,6.221176631,5.72E-45,3.30E-43,
ENSG00000100554,ATP6V1D,ATPase H+ transporting V1 subunit D,1.809615985,5.337117677,6.38E-45,3.66E-43,51382
ENSG00000111652,COPS7A,COP9 signalosome subunit 7A,1.083975011,5.428178674,6.89E-45,3.94E-43,50813
ENSG00000136560,TANK,TRAF family member associated NFKB activator,1.154958828,6.144125164,1.33E-44,7.53E-43,10010
ENSG00000110108,TMEM109,transmembrane protein 109,1.05621296,6.971620877,1.62E-44,9.14E-43,79073
ENSG00000088035,ALG6,"ALG6 alpha-1,3-glucosyltransferase",1.339662223,4.196490629,1.67E-44,9.36E-43,29929
ENSG00000150456,EEF1AKMT1,EEF1A lysine methyltransferase 1,2.567932357,2.863004194,1.85E-44,1.03E-42,221143
ENSG00000113734,BNIP1,BCL2 interacting protein 1,1.65272996,4.201675316,3.39E-44,1.87E-42,662
ENSG00000179262,RAD23A,"RAD23 homolog A, nucleotide excision repair protein",1.226139635,6.543092578,5.14E-44,2.81E-42,5886
ENSG00000160818,GPATCH4,G-patch domain containing 4 (gene/pseudogene),1.326120117,5.030014305,8.25E-44,4.49E-42,54865
ENSG00000167674,HDGFL2,HDGF like 2,1.08755063,5.71340976,2.99E-43,1.61E-41,84717
ENSG00000139168,ZCRB1,zinc finger CCHC-type and RNA binding motif containing 1,1.391219555,5.501066023,9.64E-43,5.14E-41,85437
ENSG00000100865,CINP,cyclin dependent kinase 2 interacting protein,1.161895733,4.875377665,2.23E-42,1.18E-40,51550
ENSG00000154582,ELOC,elongin C,1.052113924,4.859947356,2.29E-42,1.20E-40,6921
ENSG00000025156,HSF2,heat shock transcription factor 2,1.448971697,4.973743233,2.37E-42,1.24E-40,3298
ENSG00000112335,SNX3,sorting nexin 3,1.337682658,7.680333477,2.79E-42,1.45E-40,8724
ENSG00000149357,LAMTOR1,"late endosomal/lysosomal adaptor, MAPK and MTOR activator 1",1.156826867,7.403053709,3.10E-42,1.60E-40,55004
ENSG00000150787,PTS,6-pyruvoyltetrahydropterin synthase,1.827532112,4.443210736,3.16E-42,1.63E-40,5805
ENSG00000112305,SMAP1,small ArfGAP 1,1.268005483,4.326051289,3.76E-42,1.92E-40,60682
ENSG00000136167,LCP1,lymphocyte cytosolic protein 1,1.101126701,11.20052294,8.20E-42,4.13E-40,3936
ENSG00000197747,S100A10,S100 calcium binding protein A10,1.101080705,7.605630488,8.38E-42,4.20E-40,6281
ENSG00000115540,MOB4,"MOB family member 4, phocein",1.350508301,5.355116848,8.54E-42,4.27E-40,25843
ENSG00000197223,C1D,C1D nuclear receptor corepressor,1.283298372,4.429212777,1.20E-41,5.92E-40,10438
ENSG00000125870,SNRPB2,small nuclear ribonucleoprotein polypeptide B2,1.147368167,6.187051286,1.52E-41,7.47E-40,6629
ENSG00000198886,MT-ND4,mitochondrially encoded NADH:ubiquinone oxidoreductase core subunit 4,2.311670729,13.38390482,2.01E-41,9.81E-40,4538
ENSG00000127080,IPPK,inositol-pentakisphosphate 2-kinase,1.7690841,2.887202852,3.76E-41,1.81E-39,64768
ENSG00000049167,ERCC8,"ERCC excision repair 8, CSA ubiquitin ligase complex subunit",1.613014337,3.726199339,4.75E-41,2.27E-39,1161
ENSG00000072849,DERL2,derlin 2,1.025475494,6.084587984,6.30E-41,3.01E-39,51009
ENSG00000163510,CWC22,CWC22 spliceosome associated protein homolog,1.122494867,4.710703844,6.62E-41,3.15E-39,57703
ENSG00000210195,MT-TT,mitochondrially encoded tRNA-Thr (ACN),3.6310609,2.53755956,7.59E-41,3.60E-39,
ENSG00000109775,UFSP2,UFM1 specific peptidase 2,1.368588385,4.042644109,7.87E-41,3.71E-39,55325
ENSG00000152147,GEMIN6,gem nuclear organelle associated protein 6,1.581054311,3.334532375,1.74E-40,8.10E-39,79833
ENSG00000130332,LSM7,"LSM7 homolog, U6 small nuclear RNA and mRNA degradation associated",1.017265927,6.088547862,1.78E-40,8.25E-39,51690
ENSG00000234287,,ribosomal protein S27 (RPS27) pseudogene,1.67339733,8.227790311,2.51E-40,1.15E-38,
ENSG00000113088,GZMK,granzyme K,2.655658848,7.239728374,2.73E-40,1.24E-38,3003
ENSG00000268355,,novel transcript,3.829374795,2.770699678,3.84E-40,1.74E-38,
ENSG00000134597,RBMX2,RNA binding motif protein X-linked 2,1.078715602,5.052716924,5.99E-40,2.70E-38,51634
ENSG00000182831,HAPSTR1,HUWE1 associated protein modifying stress responses,1.114276662,6.840494132,7.26E-40,3.26E-38,29035
ENSG00000174173,TRMT10C,"tRNA methyltransferase 10C, mitochondrial RNase P subunit",1.23265258,4.882343881,7.31E-40,3.28E-38,54931
ENSG00000088970,KIZ,kizuna centrosomal protein,1.232827748,4.9589445,8.07E-40,3.61E-38,55857
ENSG00000089048,ESF1,ESF1 nucleolar pre-rRNA processing protein homolog,1.454069132,5.183077119,9.65E-40,4.29E-38,51575
ENSG00000269378,ITGB1P1,integrin subunit beta 1 pseudogene 1,1.581238389,6.824183987,1.76E-39,7.72E-38,
ENSG00000170515,PA2G4,proliferation-associated 2G4,1.210524253,6.701132235,2.09E-39,9.12E-38,5036
ENSG00000118705,RPN2,ribophorin II,1.064516887,7.969871406,2.13E-39,9.22E-38,6185
ENSG00000150093,ITGB1,integrin subunit beta 1,1.525112875,9.323633433,2.25E-39,9.71E-38,3688
ENSG00000109536,FRG1,FSHD region gene 1,1.226738234,5.387928101,2.61E-39,1.13E-37,2483
ENSG00000104671,DCTN6,dynactin subunit 6,1.321377929,4.196082739,2.66E-39,1.14E-37,10671
ENSG00000108798,ABI3,ABI family member 3,1.545433303,6.62162147,4.19E-39,1.80E-37,51225
ENSG00000176454,LPCAT4,lysophosphatidylcholine acyltransferase 4,1.075839999,5.549050124,4.55E-39,1.94E-37,254531
ENSG00000213856,VDAC1P2,voltage dependent anion channel 1 pseudogene 2,2.014933702,2.707794169,5.45E-39,2.32E-37,
ENSG00000156587,UBE2L6,ubiquitin conjugating enzyme E2 L6,1.253565545,7.295751075,9.86E-39,4.17E-37,9246
ENSG00000165512,ZNF22,zinc finger protein 22,1.28923546,5.299320346,2.05E-38,8.42E-37,7570
ENSG00000138363,ATIC,5-aminoimidazole-4-carboxamide ribonucleotide formyltransferase/IMP cyclohydrolase,1.058226061,5.807356747,3.49E-38,1.42E-36,471
ENSG00000136810,TXN,thioredoxin,1.193762645,6.030143619,3.69E-38,1.49E-36,7295
ENSG00000184076,UQCR10,"ubiquinol-cytochrome c reductase, complex III subunit X",1.036189497,5.77898373,6.78E-38,2.72E-36,29796
ENSG00000217241,CBX3P9,chromobox 3 pseudogene 9,1.228493387,3.566381986,6.83E-38,2.74E-36,
ENSG00000087502,ERGIC2,ERGIC and golgi 2,1.189851921,4.740394402,9.51E-38,3.74E-36,51290
ENSG00000143198,MGST3,microsomal glutathione S-transferase 3,1.087726746,5.355123748,1.05E-37,4.10E-36,4259
ENSG00000213699,SLC35F6,solute carrier family 35 member F6,1.086391138,5.000966181,1.77E-37,6.84E-36,54978
ENSG00000226950,DANCR,differentiation antagonizing non-protein coding RNA,1.340833432,5.258287235,5.85E-37,2.23E-35,57291
ENSG00000115539,PDCL3,phosducin like 3,1.241143934,4.779466898,6.68E-37,2.51E-35,79031
ENSG00000117691,NENF,neudesin neurotrophic factor,1.346889018,4.427414452,7.68E-37,2.88E-35,29937
ENSG00000173264,GPR137,G protein-coupled receptor 137,1.177629457,4.546435011,8.87E-37,3.31E-35,56834
ENSG00000198612,COPS8,COP9 signalosome subunit 8,1.003804,4.878380786,9.20E-37,3.42E-35,10920
ENSG00000067365,METTL22,"methyltransferase 22, Kin17 lysine",1.143842058,4.226921071,1.04E-36,3.84E-35,79091
ENSG00000102007,PLP2,proteolipid protein 2,1.234110769,7.299533615,1.40E-36,5.14E-35,5355
ENSG00000228532,SUMO2P21,SUMO2 pseudogene 21,1.082790974,4.548666698,2.09E-36,7.53E-35,
ENSG00000139679,LPAR6,lysophosphatidic acid receptor 6,1.313237209,6.287457676,2.20E-36,7.94E-35,10161
ENSG00000126653,NSRP1,nuclear speckle splicing regulatory protein 1,1.033815836,5.391543966,4.06E-36,1.45E-34,84081
ENSG00000124172,ATP5F1E,ATP synthase F1 subunit epsilon,1.196796544,8.084001687,5.51E-36,1.96E-34,514
ENSG00000171928,TVP23B,trans-golgi network vesicle protein 23 homolog B,1.255373588,5.256632691,8.06E-36,2.84E-34,51030
ENSG00000115268,RPS15,ribosomal protein S15,1.044317832,9.834317973,2.78E-35,9.59E-34,6209
ENSG00000198851,CD3E,CD3 epsilon subunit of T-cell receptor complex,1.167600946,9.052318028,4.10E-35,1.41E-33,916
ENSG00000116489,CAPZA1,capping actin protein of muscle Z-line subunit alpha 1,1.07499683,8.098318897,4.39E-35,1.51E-33,829
ENSG00000122694,GLIPR2,GLI pathogenesis related 2,1.200856334,8.154736533,5.80E-35,1.98E-33,152007
ENSG00000173171,MTX1,metaxin 1,1.085060803,4.516169159,6.28E-35,2.14E-33,4580
ENSG00000100814,CCNB1IP1,cyclin B1 interacting protein 1,1.05620187,4.874220581,6.63E-35,2.25E-33,57820
ENSG00000128513,POT1,protection of telomeres 1,1.349817548,4.481029999,1.08E-34,3.62E-33,25913
ENSG00000107020,PLGRKT,plasminogen receptor with a C-terminal lysine,1.164870188,4.255890944,1.11E-34,3.70E-33,55848
ENSG00000116815,CD58,CD58 molecule,1.241461045,4.76711921,1.11E-34,3.70E-33,965
ENSG00000140280,LYSMD2,LysM domain containing 2,1.167215775,4.895441189,1.28E-34,4.27E-33,256586
ENSG00000124279,FASTKD3,FAST kinase domains 3,1.38978422,3.420930324,1.32E-34,4.36E-33,79072
ENSG00000177666,PNPLA2,patatin like phospholipase domain containing 2,1.088297834,7.51853901,1.46E-34,4.83E-33,57104
ENSG00000177954,RPS27,ribosomal protein S27,1.330791048,7.905528794,2.12E-34,6.95E-33,6232
ENSG00000170906,NDUFA3,NADH:ubiquinone oxidoreductase subunit A3,1.03547571,5.2910575,3.30E-34,1.08E-32,4696
ENSG00000064012,CASP8,caspase 8,1.512570791,8.563780813,4.09E-34,1.33E-32,841
ENSG00000103363,ELOB,elongin B,1.047212408,6.767458931,4.25E-34,1.38E-32,6923
ENSG00000132965,ALOX5AP,arachidonate 5-lipoxygenase activating protein,1.783985832,7.460761038,4.68E-34,1.52E-32,241
ENSG00000102265,TIMP1,TIMP metallopeptidase inhibitor 1,1.150699411,6.599713773,5.01E-34,1.62E-32,7076
ENSG00000136874,STX17,syntaxin 17,1.141856391,4.565340041,1.20E-33,3.75E-32,55014
ENSG00000102409,BEX4,brain expressed X-linked 4,1.165578389,5.609826615,2.15E-33,6.65E-32,56271
ENSG00000247774,PCED1B-AS1,PCED1B antisense RNA 1,1.137155962,7.809272212,2.96E-33,9.08E-32,100233209
ENSG00000134049,IER3IP1,immediate early response 3 interacting protein 1,1.075541764,4.85374986,2.96E-33,9.08E-32,51124
ENSG00000173511,VEGFB,vascular endothelial growth factor B,1.204115037,4.691824584,3.71E-33,1.12E-31,7423
ENSG00000158793,NIT1,nitrilase 1,1.058713475,4.685026659,5.77E-33,1.74E-31,4817
ENSG00000198786,MT-ND5,mitochondrially encoded NADH:ubiquinone oxidoreductase core subunit 5,2.061812017,13.03156888,6.53E-33,1.96E-31,4540
ENSG00000204604,ZNF468,zinc finger protein 468,1.613164892,4.959998945,7.68E-33,2.30E-31,90333
ENSG00000233762,RPS15P4,ribosomal protein S15 pseudogene 4,1.402659946,5.963510749,1.10E-32,3.25E-31,
ENSG00000115839,RAB3GAP1,RAB3 GTPase activating protein catalytic subunit 1,1.051014013,5.652731728,1.26E-32,3.73E-31,22930
ENSG00000119899,SLC17A5,solute carrier family 17 member 5,1.098838064,4.389463835,2.56E-32,7.48E-31,26503
ENSG00000165476,REEP3,receptor accessory protein 3,1.353519034,5.466693564,2.96E-32,8.63E-31,221035
ENSG00000177197,PCNPP5,PEST containing nuclear protein pseudogene 5,1.354859545,3.019971716,4.22E-32,1.22E-30,
ENSG00000125534,PPDPF,pancreatic progenitor cell differentiation and proliferation factor,1.951082587,7.124267411,6.63E-32,1.88E-30,79144
ENSG00000105676,ARMC6,armadillo repeat containing 6,1.066571454,5.128212732,7.20E-32,2.04E-30,93436
ENSG00000125482,TTF1,transcription termination factor 1,1.115466764,5.034692096,1.02E-31,2.84E-30,7270
ENSG00000203950,RTL8A,retrotransposon Gag like 8A,1.190708249,3.578174506,1.61E-31,4.42E-30,26071
ENSG00000235238,SUMO2P1,SUMO2 pseudogene 1,1.026922131,3.716916652,2.10E-31,5.69E-30,
ENSG00000159335,PTMS,parathymosin,1.950637375,5.712169981,2.52E-31,6.82E-30,5763
ENSG00000119328,ABITRAM,actin binding transcription modulator,1.143990176,3.793983185,3.07E-31,8.26E-30,54942
ENSG00000185482,STAC3,SH3 and cysteine rich domain 3,1.722851409,4.67252569,3.66E-31,9.82E-30,246329
ENSG00000197498,RPF2,ribosome production factor 2 homolog,1.458499984,3.593053811,5.82E-31,1.55E-29,84154
ENSG00000259436,,"novel transcript, antisense to POU2F2",1.565411407,3.778786443,6.64E-31,1.76E-29,
ENSG00000270605,,novel transcript,1.97460617,2.539224205,6.74E-31,1.78E-29,
ENSG00000132664,POLR3F,RNA polymerase III subunit F,1.073322542,4.042768504,8.07E-31,2.13E-29,10621
ENSG00000104341,LAPTM4B,lysosomal protein transmembrane 4 beta,1.915663858,3.139928784,8.40E-31,2.21E-29,55353
ENSG00000210107,MT-TQ,mitochondrially encoded tRNA-Gln (CAA/G),4.408591485,3.066733943,3.17E-30,8.04E-29,
ENSG00000115514,TXNDC9,thioredoxin domain containing 9,1.175687759,4.296037197,4.82E-30,1.20E-28,10190
ENSG00000236264,RPL26P30,ribosomal protein L26 pseudogene 30,2.196118,1.628847722,9.91E-30,2.41E-28,
ENSG00000013392,RWDD2A,RWD domain containing 2A,1.765351072,3.148796944,1.04E-29,2.53E-28,112611
ENSG00000158869,FCER1G,Fc epsilon receptor Ig,1.469723183,7.82566392,1.33E-29,3.21E-28,2207
ENSG00000210100,MT-TI,mitochondrially encoded tRNA-Ile (AUU/C),3.799370684,2.83961244,1.35E-29,3.26E-28,
ENSG00000068885,IFT80,intraflagellar transport 80,1.343104178,3.741228185,1.67E-29,4.00E-28,57560
ENSG00000178498,DTX3,deltex E3 ubiquitin ligase 3,1.325592422,5.070370012,1.91E-29,4.56E-28,196403
ENSG00000150045,KLRF1,killer cell lectin like receptor F1,2.164704778,7.06781322,1.97E-29,4.68E-28,51348
ENSG00000011143,MKS1,MKS transition zone complex subunit 1,1.341149752,3.476446191,2.97E-29,6.95E-28,54903
ENSG00000089009,RPL6,ribosomal protein L6,1.121526676,9.963423595,3.14E-29,7.32E-28,6128
ENSG00000210082,MT-RNR2,mitochondrially encoded 16S rRNA,2.424006261,15.10250153,3.72E-29,8.59E-28,
ENSG00000116824,CD2,CD2 molecule,1.002021278,7.535060944,5.06E-29,1.16E-27,914
ENSG00000131042,LILRB2,leukocyte immunoglobulin like receptor B2,1.741993411,8.412371172,5.15E-29,1.18E-27,10288
ENSG00000211694,TRGV10,T cell receptor gamma variable 10 (non-functional),1.97613848,4.06167656,9.34E-29,2.12E-27,
ENSG00000134056,MRPS36,mitochondrial ribosomal protein S36,1.145990684,3.560587784,1.44E-28,3.24E-27,92259
ENSG00000212907,MT-ND4L,mitochondrially encoded NADH:ubiquinone oxidoreductase core subunit 4L,2.030232278,10.27309041,1.61E-28,3.59E-27,4539
ENSG00000126264,HCST,hematopoietic cell signal transducer,1.294999113,4.859326669,1.82E-28,4.07E-27,10870
ENSG00000235613,NSRP1P1,nuclear speckle splicing regulatory protein 1 pseudogene 1,2.921507466,1.493238474,2.31E-28,5.12E-27,
ENSG00000157514,TSC22D3,TSC22 domain family member 3,1.288372499,10.40630538,2.63E-28,5.81E-27,1831
ENSG00000120656,TAF12,TATA-box binding protein associated factor 12,1.042762327,4.737656622,2.72E-28,5.98E-27,6883
ENSG00000131931,THAP1,THAP domain containing 1,1.195801005,4.174763582,3.34E-28,7.32E-27,55145
ENSG00000011198,ABHD5,"abhydrolase domain containing 5, lysophosphatidic acid acyltransferase",2.185724915,6.036689562,8.51E-28,1.82E-26,51099
ENSG00000107438,PDLIM1,PDZ and LIM domain 1,1.474778239,5.915927627,1.04E-27,2.22E-26,9124
ENSG00000114784,EIF1B,eukaryotic translation initiation factor 1B,1.62124483,6.346888189,1.27E-27,2.70E-26,10289
ENSG00000261612,SUB1P3,SUB1 pseudogene 3,3.257468083,0.983551701,1.70E-27,3.59E-26,
ENSG00000152904,GGPS1,geranylgeranyl diphosphate synthase 1,1.344526603,3.512024792,3.21E-27,6.67E-26,9453
ENSG00000064666,CNN2,calponin 2,1.013207325,8.803574311,3.46E-27,7.15E-26,1265
ENSG00000120254,MTHFD1L,methylenetetrahydrofolate dehydrogenase (NADP+ dependent) 1 like,1.532280749,2.936262342,5.71E-27,1.17E-25,25902
ENSG00000272779,BMS1P20,BMS1 pseudogene 20,1.287887467,4.114009797,5.74E-27,1.17E-25,
ENSG00000122376,SHLD2,shieldin complex subunit 2,1.012306716,5.20897555,6.49E-27,1.32E-25,54537
ENSG00000156384,SFR1,SWI5 dependent homologous recombination repair protein 1,1.396410603,3.113992996,6.61E-27,1.34E-25,119392
ENSG00000136108,CKAP2,cytoskeleton associated protein 2,1.216353063,4.459635422,8.35E-27,1.69E-25,26586
ENSG00000138613,APH1B,"aph-1 homolog B, gamma-secretase subunit",1.120418244,4.825309548,8.96E-27,1.80E-25,83464
ENSG00000165168,CYBB,cytochrome b-245 beta chain,1.868615225,9.685617026,1.72E-26,3.39E-25,1536
ENSG00000100802,C14orf93,chromosome 14 open reading frame 93,1.106442585,4.14867676,6.17E-26,1.19E-24,60686
ENSG00000220749,RPL21P28,ribosomal protein L21 pseudogene 28,1.824415704,2.70794403,8.15E-26,1.55E-24,
ENSG00000234369,TATDN1P1,TatD DNase domain containing 1 pseudogene 1,2.140036199,1.673744992,8.75E-26,1.66E-24,
ENSG00000054116,TRAPPC3,trafficking protein particle complex subunit 3,1.056363826,6.03125656,1.30E-25,2.44E-24,27095
ENSG00000236439,,ribosomal protein S27 (metallopanstimulin 1) (RPS27) pseudogene,1.545295031,3.992006698,1.31E-25,2.46E-24,
ENSG00000244363,RPL7P23,ribosomal protein L7 pseudogene 23,2.375422256,1.584374773,1.83E-25,3.39E-24,
ENSG00000179152,TCAIM,"T cell activation inhibitor, mitochondrial",1.089250906,3.957939835,2.86E-25,5.24E-24,285343
ENSG00000184831,APOO,apolipoprotein O,1.660535458,2.511711306,4.82E-25,8.76E-24,79135
ENSG00000165410,CFL2,cofilin 2,1.308104873,4.776411065,5.29E-25,9.56E-24,1073
ENSG00000134539,KLRD1,killer cell lectin like receptor D1,1.648279922,8.629336826,7.23E-25,1.29E-23,3824
ENSG00000266088,,novel transcript,2.050994304,2.46497541,7.51E-25,1.34E-23,
ENSG00000151287,TEX30,testis expressed 30,1.410481106,2.800949882,9.62E-25,1.71E-23,93081
ENSG00000243199,RPL6P10,ribosomal protein L6 pseudogene 10,1.186802059,6.896098689,1.06E-24,1.88E-23,
ENSG00000241685,ARPC1A,actin related protein 2/3 complex subunit 1A,1.064499922,3.496288734,2.18E-24,3.82E-23,10552
ENSG00000163166,IWS1,"interacts with SUPT6H, CTD assembly factor 1",1.698360426,5.599413038,2.81E-24,4.90E-23,55677
ENSG00000103187,COTL1,coactosin like F-actin binding protein 1,1.177515047,10.04327524,3.21E-24,5.58E-23,23406
ENSG00000214832,UPF3AP2,UPF3A pseudogene 2,1.283312141,2.829043821,4.72E-24,8.11E-23,
ENSG00000154079,SDHAF4,succinate dehydrogenase complex assembly factor 4,1.302031074,2.96650117,5.48E-24,9.34E-23,135154
ENSG00000166411,IDH3A,isocitrate dehydrogenase (NAD(+)) 3 catalytic subunit alpha,1.03024204,4.336908124,8.13E-24,1.37E-22,3419
ENSG00000177600,RPLP2,ribosomal protein lateral stalk subunit P2,1.06877639,10.56568883,1.43E-23,2.36E-22,6181
ENSG00000225580,PA2G4P5,proliferation-associated 2G4 pseudogene 5,1.297158237,2.935205498,1.99E-23,3.27E-22,
ENSG00000230383,RPL6P19,ribosomal protein L6 pseudogene 19,1.267564871,4.531496519,2.03E-23,3.33E-22,
ENSG00000229835,KHSRPP1,KH-type splicing regulatory protein pseudogene 1,1.636880035,1.618924102,2.74E-23,4.46E-22,
ENSG00000171522,PTGER4,prostaglandin E receptor 4,1.091298383,6.666271438,2.78E-23,4.52E-22,5734
ENSG00000198042,MAK16,MAK16 homolog,1.089620269,4.26866603,2.88E-23,4.68E-22,84549
ENSG00000235552,RPL6P27,ribosomal protein L6 pseudogene 27,1.044118848,9.586489008,3.71E-23,5.97E-22,
ENSG00000152404,CWF19L2,CWF19 like cell cycle control factor 2,1.196966744,6.015954452,3.74E-23,6.00E-22,143884
ENSG00000090104,RGS1,regulator of G protein signaling 1,2.567705677,5.702947816,4.30E-23,6.88E-22,5996
ENSG00000272047,GTF2H5,general transcription factor IIH subunit 5,1.13856792,3.931844041,4.74E-23,7.56E-22,404672
ENSG00000117143,UAP1,UDP-N-acetylglucosamine pyrophosphorylase 1,1.176803577,5.03282755,5.58E-23,8.86E-22,6675
ENSG00000188002,PDCD6P1,PDCD6 pseudogene 1,1.690935539,3.974708319,5.84E-23,9.27E-22,
ENSG00000127989,MTERF1,mitochondrial transcription termination factor 1,1.116000732,3.813950704,9.52E-23,1.49E-21,7978
ENSG00000215482,CALM2P3,calmodulin 2 pseudogene 3,2.815338369,0.574501776,9.54E-23,1.49E-21,
ENSG00000226478,UPF3AP1,UPF3A pseudogene 1,1.221954786,2.914556558,1.74E-22,2.68E-21,
ENSG00000166228,PCBD1,pterin-4 alpha-carbinolamine dehydratase 1,1.239979859,3.259536611,1.76E-22,2.70E-21,5092
ENSG00000127666,TICAM1,TIR domain containing adaptor molecule 1,1.163924026,4.795830442,1.96E-22,2.99E-21,148022
ENSG00000166262,FAM227B,family with sequence similarity 227 member B,1.521815458,2.907477722,2.16E-22,3.30E-21,196951
ENSG00000248527,MTATP6P1,MT-ATP6 pseudogene 1,1.3451242,8.491821701,2.24E-22,3.42E-21,
ENSG00000070081,NUCB2,nucleobindin 2,1.191341938,6.256479802,3.46E-22,5.18E-21,4925
ENSG00000171806,METTL18,methyltransferase like 18,1.354314471,3.697701536,4.42E-22,6.59E-21,92342
ENSG00000168301,KCTD6,potassium channel tetramerization domain containing 6,1.243863876,3.466393811,4.63E-22,6.89E-21,200845
ENSG00000101546,RBFA,ribosome binding factor A,1.032576619,3.600264284,5.49E-22,8.07E-21,79863
ENSG00000120860,WASHC3,WASH complex subunit 3,1.011436339,4.350000747,7.71E-22,1.13E-20,51019
ENSG00000230956,CAPZA1P1,CAPZA1 pseudogene 1,1.375916247,3.049491365,1.67E-21,2.39E-20,
ENSG00000143977,SNRPG,small nuclear ribonucleoprotein polypeptide G,1.029816516,3.830731115,1.78E-21,2.53E-20,6637
ENSG00000135821,GLUL,glutamate-ammonia ligase,1.877672823,10.19263284,2.08E-21,2.95E-20,2752
ENSG00000167555,ZNF528,zinc finger protein 528,1.458932602,3.500127888,2.71E-21,3.81E-20,84436
ENSG00000227203,SUB1P1,SUB1 pseudogene 1,3.703624435,3.025286936,3.65E-21,5.08E-20,
ENSG00000196209,SIRPB2,signal regulatory protein beta 2,1.58834685,5.421498871,4.79E-21,6.63E-20,284759
ENSG00000138381,ASNSD1,asparagine synthetase domain containing 1,1.098774076,5.690926634,6.47E-21,8.88E-20,54529
ENSG00000277511,,novel transcript,1.801235727,2.146133595,6.68E-21,9.16E-20,
ENSG00000136161,RCBTB2,RCC1 and BTB domain containing protein 2,1.043947681,5.728124366,7.36E-21,1.00E-19,1102
ENSG00000139193,CD27,CD27 molecule,1.382622205,5.648623493,8.55E-21,1.16E-19,939
ENSG00000070831,CDC42,cell division cycle 42,1.191178038,3.275809045,9.46E-21,1.27E-19,998
ENSG00000152133,GPATCH11,G-patch domain containing 11,1.051523748,4.463927543,1.00E-20,1.35E-19,253635
ENSG00000211814,TRAV35,T cell receptor alpha variable 35,2.709376088,1.971249787,1.77E-20,2.34E-19,
ENSG00000250479,CHCHD10,coiled-coil-helix-coiled-coil-helix domain containing 10,1.008085802,4.83996148,2.44E-20,3.19E-19,400916
ENSG00000155090,KLF10,KLF transcription factor 10,1.102876941,7.087162873,3.89E-20,5.02E-19,7071
ENSG00000272620,AFAP1-AS1,AFAP1 antisense RNA 1,4.003065547,1.009257619,5.32E-20,6.76E-19,84740
ENSG00000132436,FIGNL1,fidgetin like 1,1.342620074,3.330130235,1.55E-19,1.91E-18,63979
ENSG00000230457,PA2G4P4,proliferation-associated 2G4 pseudogene 4,1.285084326,2.673743533,2.29E-19,2.79E-18,
ENSG00000198225,FKBP1C,FKBP prolyl isomerase family member 1C,1.045716659,3.869559964,2.33E-19,2.84E-18,642489
ENSG00000254887,POU2F2-AS1,POU2F2 antisense RNA 1,1.557093907,2.116902452,3.35E-19,4.04E-18,
ENSG00000166527,CLEC4D,C-type lectin domain family 4 member D,2.055469121,4.430245262,4.91E-19,5.83E-18,338339
ENSG00000166523,CLEC4E,C-type lectin domain family 4 member E,2.219022408,6.39523566,5.06E-19,6.01E-18,26253
ENSG00000170545,SMAGP,small cell adhesion glycoprotein,1.186263366,3.349124462,6.42E-19,7.58E-18,57228
ENSG00000258352,IFITM3P6,IFITM3P pseudogene 6,1.088265178,3.428867078,8.76E-19,1.02E-17,
ENSG00000186265,BTLA,B and T lymphocyte associated,1.464456103,4.172809697,9.19E-19,1.07E-17,151888
ENSG00000228775,WEE2-AS1,WEE2 antisense RNA 1,1.846356064,1.793719501,1.73E-18,1.98E-17,285962
ENSG00000257267,ZNF271P,"zinc finger protein 271, pseudogene",1.007355684,4.628836446,2.40E-18,2.73E-17,10778
ENSG00000151304,SRFBP1,serum response factor binding protein 1,1.003403868,3.030359455,3.01E-18,3.40E-17,153443
ENSG00000210112,MT-TM,mitochondrially encoded tRNA-Met (AUA/G),3.008584906,3.304255263,3.35E-18,3.76E-17,
ENSG00000220842,RPL21P16,ribosomal protein L21 pseudogene 16,1.071798327,8.123248306,3.51E-18,3.94E-17,
ENSG00000164221,CCDC112,coiled-coil domain containing 112,1.023087785,3.728785313,5.28E-18,5.84E-17,153733
ENSG00000198763,MT-ND2,mitochondrially encoded NADH:ubiquinone oxidoreductase core subunit 2,1.563161002,11.89684834,6.42E-18,7.08E-17,4536
ENSG00000134864,GGACT,gamma-glutamylamine cyclotransferase,1.601705536,3.512786081,1.41E-17,1.51E-16,87769
ENSG00000138036,DYNC2LI1,dynein cytoplasmic 2 light intermediate chain 1,1.597187909,2.196209465,1.47E-17,1.57E-16,51626
ENSG00000162600,OMA1,OMA1 zinc metallopeptidase,1.059240823,3.646715352,1.57E-17,1.67E-16,115209
ENSG00000258016,HIGD1AP1,HIG1 hypoxia inducible domain family member 1A pseudogene 1,2.11934385,0.794759814,1.63E-17,1.73E-16,
ENSG00000153140,CETN3,centrin 3,1.211616292,3.025927517,1.67E-17,1.77E-16,1070
ENSG00000168273,SMIM4,small integral membrane protein 4,1.246265285,2.380475448,1.76E-17,1.87E-16,440957
ENSG00000163564,PYHIN1,pyrin and HIN domain family member 1,1.022135142,6.205473276,1.81E-17,1.92E-16,149628
ENSG00000114405,C3orf14,chromosome 3 open reading frame 14,1.757355827,1.583633945,3.41E-17,3.55E-16,57415
ENSG00000117226,GBP3,guanylate binding protein 3,1.055270581,5.057436523,4.17E-17,4.32E-16,2635
ENSG00000163002,NUP35,nucleoporin 35,1.211665717,2.764247977,5.53E-17,5.67E-16,129401
ENSG00000236152,MRPS36P1,mitochondrial ribosomal protein S36 pseudogene 1,1.268072391,2.249877259,1.10E-16,1.11E-15,
ENSG00000235363,SNRPGP10,small nuclear ribonucleoprotein polypeptide G pseudogene 10,1.030588626,3.405155713,1.26E-16,1.26E-15,
ENSG00000111850,SMIM8,small integral membrane protein 8,1.098430064,3.025040551,1.56E-16,1.55E-15,57150
ENSG00000243056,EIF4EBP3,eukaryotic translation initiation factor 4E binding protein 3,1.627846431,1.803642676,2.05E-16,2.01E-15,8637
ENSG00000231503,PTMAP4,prothymosin alpha pseudogene 4,1.017602977,2.262467759,2.22E-16,2.17E-15,
ENSG00000102984,ZNF821,zinc finger protein 821,1.109263391,2.981702008,2.44E-16,2.38E-15,55565
ENSG00000224411,HSP90AA2P,"heat shock protein 90 alpha family class A member 2, pseudogene",1.194583149,3.437035066,2.54E-16,2.47E-15,
ENSG00000174796,THAP6,THAP domain containing 6,1.00752464,3.234273817,2.68E-16,2.60E-15,152815
ENSG00000101439,CST3,cystatin C,1.321754955,9.188815188,3.16E-16,3.06E-15,1471
ENSG00000205221,VIT,vitrin,3.025913992,1.794673924,4.33E-16,4.16E-15,5212
ENSG00000272288,ILRUN-AS1,ILRUN antisense RNA 1,1.699591782,1.493585377,4.60E-16,4.41E-15,101929243
ENSG00000213809,KLRK1,killer cell lectin like receptor K1,1.663344645,3.574488383,5.17E-16,4.93E-15,22914
ENSG00000079257,LXN,latexin,1.413827863,1.965206269,5.60E-16,5.32E-15,56925
ENSG00000198938,MT-CO3,mitochondrially encoded cytochrome c oxidase III,1.400257283,12.83509027,5.93E-16,5.63E-15,4514
ENSG00000230793,SMARCE1P5,"SWI/SNF related, matrix associated, actin dependent regulator of chromatin, subfamily e, member 1 pseudogene 5",1.386001049,1.75084589,8.04E-16,7.53E-15,
ENSG00000151846,PABPC3,poly(A) binding protein cytoplasmic 3,1.041428594,3.724737881,8.72E-16,8.15E-15,5042
ENSG00000169583,CLIC3,chloride intracellular channel 3,1.474264354,5.341543173,1.06E-15,9.84E-15,9022
ENSG00000248049,UBA6-DT,UBA6 divergent transcript,1.095742687,2.781068003,1.22E-15,1.13E-14,
ENSG00000110844,PRPF40B,pre-mRNA processing factor 40 homolog B,1.486020329,2.089619719,2.00E-15,1.81E-14,25766
ENSG00000151665,PIGF,phosphatidylinositol glycan anchor biosynthesis class F,1.208040417,2.757154119,2.12E-15,1.91E-14,5281
ENSG00000101400,SNTA1,syntrophin alpha 1,1.105081842,3.651780154,2.56E-15,2.30E-14,6640
ENSG00000226544,RPL7P22,ribosomal protein L7 pseudogene 22,1.792768919,0.823796833,3.35E-15,2.99E-14,
ENSG00000198858,R3HDM4,R3H domain containing 4,1.087891333,8.319915662,4.47E-15,3.96E-14,91300
ENSG00000251562,MALAT1,metastasis associated lung adenocarcinoma transcript 1,1.428951865,12.82520204,5.70E-15,5.01E-14,378938
ENSG00000163191,S100A11,S100 calcium binding protein A11,1.170802277,7.712177513,6.09E-15,5.34E-14,6282
ENSG00000116741,RGS2,regulator of G protein signaling 2,1.836557807,9.393276636,6.15E-15,5.38E-14,5997
ENSG00000155085,AK9,adenylate kinase 9,1.016396837,3.353446076,8.12E-15,7.05E-14,221264
ENSG00000239523,MYLK-AS1,MYLK antisense RNA 1,2.295557471,0.910823437,1.08E-14,9.31E-14,100506826
ENSG00000214110,LDHAP4,lactate dehydrogenase A pseudogene 4,1.574348323,2.014771204,1.10E-14,9.40E-14,
ENSG00000227087,RBMX2P5,RBMX2 pseudogene 5,1.127114337,1.98250387,1.41E-14,1.20E-13,
ENSG00000157303,SUSD3,sushi domain containing 3,1.027276121,5.410805683,1.50E-14,1.27E-13,203328
ENSG00000260231,KDM7A-DT,KDM7A divergent transcript,1.154821903,3.916580803,1.77E-14,1.49E-13,100134229
ENSG00000275557,,novel transcript,1.254931455,4.068889047,1.90E-14,1.59E-13,
ENSG00000228106,#N/A,#N/A,1.3055784,2.472948314,2.64E-14,2.19E-13,#N/A
ENSG00000121552,CSTA,cystatin A,1.312408838,6.151234886,3.32E-14,2.73E-13,1475
ENSG00000214552,COPS8P2,COP9 signalosome subunit 8 pseudogene 2,1.292065533,2.050045999,6.38E-14,5.14E-13,
ENSG00000210154,MT-TD,mitochondrially encoded tRNA-Asp (GAU/C),2.124299841,2.256454122,7.47E-14,5.98E-13,
ENSG00000210117,MT-TW,mitochondrially encoded tRNA-Trp (UGA/G),3.4205184,1.347882093,7.80E-14,6.24E-13,
ENSG00000171659,GPR34,G protein-coupled receptor 34,2.037803122,2.281424711,9.58E-14,7.61E-13,2857
ENSG00000160284,SPATC1L,spermatogenesis and centriole associated 1 like,1.090455183,2.968535276,9.69E-14,7.70E-13,84221
ENSG00000285053,TBCE,tubulin folding cofactor E,1.533252665,1.685039881,1.57E-13,1.23E-12,6905
ENSG00000164674,SYTL3,synaptotagmin like 3,1.035938681,6.201219548,2.36E-13,1.82E-12,94120
ENSG00000177156,TALDO1,transaldolase 1,1.100100679,8.38317423,2.50E-13,1.92E-12,6888
ENSG00000187741,FANCA,FA complementation group A,1.039829545,3.590702925,3.49E-13,2.65E-12,2175
ENSG00000175857,GAPT,"GRB2 binding adaptor protein, transmembrane",1.132967341,4.656936539,5.88E-13,4.39E-12,202309
ENSG00000101017,CD40,CD40 molecule,1.093462869,4.502232123,6.15E-13,4.57E-12,958
ENSG00000255823,#N/A,#N/A,1.737684972,1.178477155,7.93E-13,5.84E-12,#N/A
ENSG00000211806,TRAV25,T cell receptor alpha variable 25,1.760499124,1.829639014,8.68E-13,6.38E-12,
ENSG00000243811,APOBEC3D,apolipoprotein B mRNA editing enzyme catalytic subunit 3D,1.353307763,1.882674082,8.73E-13,6.41E-12,140564
ENSG00000140876,NUDT7,nudix hydrolase 7,1.711130981,1.027241816,9.84E-13,7.19E-12,283927
ENSG00000235560,ZNF747-DT,ZNF747 divergent transcript,1.983974016,1.005096132,1.16E-12,8.43E-12,107984875
ENSG00000248593,DSTNP2,DSTN pseudogene 2,1.165584737,2.063447475,1.19E-12,8.59E-12,
ENSG00000134146,DPH6,diphthamine biosynthesis 6,1.081479549,2.494674511,1.23E-12,8.87E-12,89978
ENSG00000212719,LINC02693,long intergenic non-protein coding RNA 2693,1.32488578,2.519428426,1.55E-12,1.11E-11,339263
ENSG00000139173,TMEM117,transmembrane protein 117,1.37900927,2.064772346,2.02E-12,1.44E-11,84216
ENSG00000171051,FPR1,formyl peptide receptor 1,1.634234167,9.151050356,2.50E-12,1.77E-11,2357
ENSG00000022267,FHL1,four and a half LIM domains 1,1.138005588,4.752923602,2.55E-12,1.80E-11,2273
ENSG00000269028,#N/A,#N/A,2.160111752,1.077617405,2.57E-12,1.81E-11,#N/A
ENSG00000113924,HGD,"homogentisate 1,2-dioxygenase",1.812120796,3.132605246,3.09E-12,2.15E-11,3081
ENSG00000275302,CCL4,C-C motif chemokine ligand 4,1.413110893,6.769461157,3.15E-12,2.20E-11,6351
ENSG00000161642,ZNF385A,zinc finger protein 385A,1.1277594,6.756841626,3.16E-12,2.20E-11,25946
ENSG00000222057,RNU4-62P,"RNA, U4 small nuclear 62, pseudogene",1.797962033,1.4220783,3.19E-12,2.22E-11,
ENSG00000230562,FAM133DP,"family with sequence similarity 133 member D, pseudogene",1.193986688,3.979726854,3.52E-12,2.44E-11,
ENSG00000198056,PRIM1,DNA primase subunit 1,1.185501586,3.041871876,3.82E-12,2.64E-11,5557
ENSG00000145331,TRMT10A,tRNA methyltransferase 10A,1.208333783,2.308605713,4.24E-12,2.93E-11,93587
ENSG00000103494,RPGRIP1L,RPGRIP1 like,1.702869014,1.70334257,7.65E-12,5.15E-11,23322
ENSG00000075234,TTC38,tetratricopeptide repeat domain 38,1.055271522,6.854141595,8.74E-12,5.84E-11,55020
ENSG00000167523,SPATA33,spermatogenesis associated 33,1.089896812,1.915977375,9.32E-12,6.23E-11,124045
ENSG00000234160,,novel transcript,1.17818479,1.712915283,1.02E-11,6.82E-11,
ENSG00000125744,RTN2,reticulon 2,1.423638434,2.674008709,1.04E-11,6.94E-11,6253
ENSG00000125733,TRIP10,thyroid hormone receptor interactor 10,1.053548234,2.665794411,1.18E-11,7.81E-11,9322
ENSG00000125245,GPR18,G protein-coupled receptor 18,1.094954575,3.788003794,1.24E-11,8.21E-11,2841
ENSG00000197728,RPS26,ribosomal protein S26,1.036072997,4.465553198,1.41E-11,9.26E-11,6231
ENSG00000197880,MDS2,myelodysplastic syndrome 2 translocation associated,1.466728325,2.760242134,1.47E-11,9.60E-11,259283
ENSG00000247627,MTND4P12,MT-ND4 pseudogene 12,1.861859745,1.665001116,1.50E-11,9.80E-11,
ENSG00000049768,FOXP3,forkhead box P3,1.171677398,3.641795777,1.91E-11,1.24E-10,50943
ENSG00000125148,MT2A,metallothionein 2A,1.146488665,4.424864953,3.00E-11,1.91E-10,4502
ENSG00000104863,LIN7B,"lin-7 homolog B, crumbs cell polarity complex component",1.193358107,2.102354722,3.04E-11,1.94E-10,64130
ENSG00000105649,RAB3A,"RAB3A, member RAS oncogene family",1.235038868,1.798668045,3.46E-11,2.19E-10,5864
ENSG00000197568,HHLA3,HERV-H LTR-associating 3,1.468705586,1.236391825,7.32E-11,4.48E-10,11147
ENSG00000214401,KANSL1-AS1,KANSL1 antisense RNA 1,1.178299879,1.848198718,7.91E-11,4.82E-10,644246
ENSG00000255198,SNHG9,small nucleolar RNA host gene 9,1.544986836,2.30681742,9.98E-11,6.03E-10,
ENSG00000174255,ZNF80,zinc finger protein 80,1.882676572,1.768072636,1.00E-10,6.04E-10,7634
ENSG00000232869,TRBV29-1,T cell receptor beta variable 29-1,1.461589361,4.766007756,1.24E-10,7.41E-10,
ENSG00000274422,,novel transcript,1.998495455,2.718541546,1.28E-10,7.65E-10,
ENSG00000198157,HMGN5,high mobility group nucleosome binding domain 5,1.38164842,1.568193041,1.62E-10,9.63E-10,79366
ENSG00000228253,MT-ATP8,mitochondrially encoded ATP synthase membrane subunit 8,1.031151784,8.25823914,1.71E-10,1.01E-09,4509
ENSG00000117318,ID3,inhibitor of DNA binding 3,1.036993205,3.252100795,1.88E-10,1.11E-09,3399
ENSG00000263482,ANTXRLP1,ANTXR like pseudogene 1,1.327915358,1.80937872,2.04E-10,1.20E-09,
ENSG00000211659,IGLV3-25,immunoglobulin lambda variable 3-25,2.064537151,4.93942146,2.18E-10,1.28E-09,
ENSG00000211802,TRAV22,T cell receptor alpha variable 22,1.739696495,1.625532758,2.28E-10,1.33E-09,
ENSG00000211766,TRBJ2-2P,T cell receptor beta joining 2-2P (non-functional),1.524542618,1.494304862,2.34E-10,1.36E-09,
ENSG00000211445,GPX3,glutathione peroxidase 3,1.483416448,2.954697472,3.65E-10,2.10E-09,2878
ENSG00000131944,FAAP24,FA core complex associated protein 24,1.177385215,1.780568798,3.92E-10,2.25E-09,91442
ENSG00000250461,,"family with sequence similarity 133, member B (FAM133B) pseudogene",1.122730201,3.738001712,5.02E-10,2.84E-09,
ENSG00000277632,CCL3,C-C motif chemokine ligand 3,1.978902078,4.121536167,5.50E-10,3.10E-09,6348
ENSG00000213366,GSTM2,glutathione S-transferase mu 2,1.256393869,3.959957412,6.68E-10,3.75E-09,2946
ENSG00000100298,APOBEC3H,apolipoprotein B mRNA editing enzyme catalytic subunit 3H,1.223366652,2.504167877,7.16E-10,4.00E-09,164668
ENSG00000164930,FZD6,frizzled class receptor 6,1.477230828,1.784181438,8.11E-10,4.51E-09,8323
ENSG00000223478,ZDHHC12-DT,ZDHHC12 divergent transcript,1.112131499,1.762582542,8.66E-10,4.80E-09,100506100
ENSG00000076258,FMO4,flavin containing dimethylaniline monoxygenase 4,1.185543491,1.786189083,8.82E-10,4.87E-09,2329
ENSG00000227191,TRGC2,T cell receptor gamma constant 2,1.116733604,5.966001602,8.97E-10,4.95E-09,
ENSG00000213089,PDCL3P5,PDCL3 pseudogene 5,1.413783647,0.991358693,8.98E-10,4.95E-09,
ENSG00000184719,RNLS,"renalase, FAD dependent amine oxidase",1.047588781,1.93293058,9.93E-10,5.46E-09,55328
ENSG00000204611,ZNF616,zinc finger protein 616,1.090255111,2.3525832,1.07E-09,5.85E-09,90317
ENSG00000270164,LINC01480,long intergenic non-protein coding RNA 1480,1.717818855,1.784813711,1.19E-09,6.44E-09,
ENSG00000108590,MED31,mediator complex subunit 31,1.228235324,2.050955556,1.35E-09,7.26E-09,51003
ENSG00000181016,LSMEM1,leucine rich single-pass membrane protein 1,1.61843196,2.056495543,1.45E-09,7.80E-09,286006
ENSG00000260992,DOCK9-DT,DOCK9 divergent transcript,1.386262254,1.495777225,1.57E-09,8.39E-09,
ENSG00000162444,RBP7,retinol binding protein 7,1.082057716,4.14126264,1.67E-09,8.91E-09,116362
ENSG00000162614,NEXN,nexilin F-actin binding protein,1.430403706,4.647187407,1.68E-09,8.95E-09,91624
ENSG00000211662,IGLV3-21,immunoglobulin lambda variable 3-21,2.020819127,5.05675478,1.79E-09,9.51E-09,
ENSG00000188219,POTEE,POTE ankyrin domain family member E,1.249559412,1.526578175,2.13E-09,1.12E-08,445582
ENSG00000246084,LINC02325,long intergenic non-protein coding RNA 2325,1.573579163,1.317982996,2.14E-09,1.13E-08,101929241
ENSG00000090382,LYZ,lysozyme,1.282261598,11.36504541,2.23E-09,1.17E-08,4069
ENSG00000230426,LINC01036,long intergenic non-protein coding RNA 1036,2.225994343,1.692667251,2.46E-09,1.29E-08,104169671
ENSG00000230092,,F-box only protein 25 (FBXO25) pseudogene,1.424217333,1.079142184,2.58E-09,1.34E-08,
ENSG00000110777,POU2AF1,POU class 2 homeobox associating factor 1,1.053739541,5.917210285,2.92E-09,1.51E-08,5450
ENSG00000210191,MT-TL2,mitochondrially encoded tRNA-Leu (CUN) 2,2.072799884,1.619435542,3.22E-09,1.66E-08,
ENSG00000168062,BATF2,basic leucine zipper ATF-like transcription factor 2,1.589697295,1.955107489,3.83E-09,1.95E-08,116071
ENSG00000248508,SRP14-DT,SRP14 divergent transcript,1.093603527,1.918294041,4.25E-09,2.16E-08,100131089
ENSG00000169245,CXCL10,C-X-C motif chemokine ligand 10,1.964370587,1.474482781,4.63E-09,2.34E-08,3627
ENSG00000233461,,novel transcript,1.553491463,1.348519025,4.90E-09,2.47E-08,122526782
ENSG00000278030,TRBV7-9,T cell receptor beta variable 7-9,1.392526908,4.218970167,6.01E-09,3.01E-08,
ENSG00000204475,NCR3,natural cytotoxicity triggering receptor 3,1.089491656,5.528496695,6.71E-09,3.34E-08,259197
ENSG00000210127,MT-TA,mitochondrially encoded tRNA-Ala (GCN),2.129986932,1.597389941,7.95E-09,3.93E-08,
ENSG00000119782,FKBP1B,FKBP prolyl isomerase 1B,1.551100585,0.995213247,8.73E-09,4.29E-08,2281
ENSG00000270195,#N/A,#N/A,1.399801192,0.998926122,1.02E-08,4.97E-08,#N/A
ENSG00000151725,CENPU,centromere protein U,1.203310972,1.975835488,1.06E-08,5.17E-08,79682
ENSG00000210174,MT-TR,mitochondrially encoded tRNA-Arg (CGN),1.473175338,3.85806035,1.10E-08,5.34E-08,
ENSG00000211805,TRAV24,T cell receptor alpha variable 24,1.682606977,1.704690304,1.25E-08,6.04E-08,
ENSG00000211791,TRAV13-2,T cell receptor alpha variable 13-2,1.107606177,2.655609762,1.26E-08,6.06E-08,
ENSG00000141401,IMPA2,inositol monophosphatase 2,1.019187116,5.510666973,1.27E-08,6.10E-08,3613
ENSG00000138772,ANXA3,annexin A3,1.874697003,3.993926962,1.64E-08,7.80E-08,306
ENSG00000210176,MT-TH,mitochondrially encoded tRNA-His (CAU/C),1.678069865,2.721543987,2.03E-08,9.61E-08,
ENSG00000203865,ATP1A1-AS1,ATP1A1 antisense RNA 1,1.373725762,0.996174449,2.42E-08,1.14E-07,84852
ENSG00000116675,DNAJC6,DnaJ heat shock protein family (Hsp40) member C6,1.515456816,1.485536927,2.48E-08,1.16E-07,9829
ENSG00000008394,MGST1,microsomal glutathione S-transferase 1,1.009099906,3.744000941,2.63E-08,1.23E-07,4257
ENSG00000111666,CHPT1,choline phosphotransferase 1,1.035547902,5.561804805,2.94E-08,1.36E-07,56994
ENSG00000180389,ATP5F1EP2,ATP synthase F1 subunit epsilon pseudogene 2,1.664007058,1.340262453,3.14E-08,1.45E-07,
ENSG00000154146,NRGN,neurogranin,1.415858721,8.715591332,3.76E-08,1.73E-07,4900
ENSG00000153563,CD8A,CD8a molecule,1.034571245,8.80084111,4.06E-08,1.86E-07,925
ENSG00000236213,,novel transcript,1.044635417,2.399715312,4.22E-08,1.92E-07,
ENSG00000210184,MT-TS2,mitochondrially encoded tRNA-Ser (AGU/C) 2,1.79345041,1.921610381,4.34E-08,1.97E-07,
ENSG00000264895,,"novel transcript, sense intronic to MBTD1",1.837298745,1.195658882,4.41E-08,2.01E-07,
ENSG00000155792,DEPTOR,DEP domain containing MTOR interacting protein,1.328834178,1.093713715,5.97E-08,2.67E-07,64798
ENSG00000256862,PARP11-AS1,PARP11 antisense RNA 1,1.173474688,2.170192232,6.34E-08,2.82E-07,105369609
ENSG00000141194,OR4D1,olfactory receptor family 4 subfamily D member 1,1.067756089,1.655577822,6.84E-08,3.03E-07,26689
ENSG00000134827,TCN1,transcobalamin 1,1.635406408,3.118635655,8.23E-08,3.62E-07,6947
ENSG00000179965,ZNF771,zinc finger protein 771,1.160248473,1.354128783,8.94E-08,3.91E-07,51333
ENSG00000233247,UBE2E4P,ubiquitin conjugating enzyme E2 E4 pseudogene,1.010421953,1.697980952,1.03E-07,4.45E-07,
ENSG00000254275,LINC00824,long intergenic non-protein coding RNA 824,2.275859838,1.326825692,1.10E-07,4.75E-07,
ENSG00000233387,IATPR,ITGB1 adjacent tumor promoting lncRNA,1.285460554,1.828860784,1.18E-07,5.09E-07,
ENSG00000136842,TMOD1,tropomodulin 1,2.081271268,3.246859845,1.24E-07,5.34E-07,7111
ENSG00000276241,,"novel transcript, antisense TBC1D3B",1.871835002,2.208659337,1.28E-07,5.47E-07,
ENSG00000120279,MYCT1,MYC target 1,1.886981894,1.236310947,1.30E-07,5.55E-07,80177
ENSG00000229754,CXCR2P1,C-X-C motif chemokine receptor 2 pseudogene 1,1.180157281,5.222482964,1.32E-07,5.63E-07,
ENSG00000125841,NRSN2,neurensin 2,1.129949104,1.556484881,1.33E-07,5.70E-07,80023
ENSG00000160191,PDE9A,phosphodiesterase 9A,1.348142284,2.184531319,1.43E-07,6.08E-07,5152
ENSG00000115523,GNLY,granulysin,1.056127848,10.0926662,1.48E-07,6.28E-07,10578
ENSG00000108387,SEPTIN4,septin 4,1.149987301,1.857467514,1.84E-07,7.74E-07,5414
ENSG00000167363,FN3K,fructosamine 3 kinase,1.517489816,1.161601731,1.84E-07,7.75E-07,64122
ENSG00000213763,ACTBP2,ACTB pseudogene 2,1.283945717,2.001806511,1.86E-07,7.81E-07,
ENSG00000231856,,novel transcript,1.062399901,1.432751789,2.03E-07,8.49E-07,
ENSG00000246366,LACTB2-AS1,LACTB2 antisense RNA 1,1.309915907,1.644301295,2.47E-07,1.02E-06,286190
ENSG00000258704,SRP54-AS1,SRP54 antisense RNA 1,1.04081103,1.499811471,2.69E-07,1.11E-06,
ENSG00000089692,LAG3,lymphocyte activating 3,1.017624199,4.361658417,2.91E-07,1.20E-06,3902
ENSG00000204428,LY6G5C,lymphocyte antigen 6 family member G5C,1.012622428,2.03791619,3.69E-07,1.49E-06,80741
ENSG00000119636,BBOF1,basal body orientation factor 1,1.225501461,2.479420129,5.01E-07,1.99E-06,80127
ENSG00000091972,CD200,CD200 molecule,1.134965731,2.465265927,5.80E-07,2.29E-06,4345
ENSG00000254703,SENCR,smooth muscle and endothelial cell enriched migration/differentiation-associated lncRNA,1.338175585,1.408752758,6.24E-07,2.46E-06,100507392
ENSG00000102878,HSF4,heat shock transcription factor 4,1.035979813,1.73846991,6.31E-07,2.48E-06,3299
ENSG00000181019,NQO1,NAD(P)H quinone dehydrogenase 1,1.061517464,1.70929467,6.83E-07,2.67E-06,1728
ENSG00000145936,KCNMB1,potassium calcium-activated channel subfamily M regulatory beta subunit 1,1.15687068,2.775357245,7.22E-07,2.82E-06,3779
ENSG00000276085,CCL3L1,C-C motif chemokine ligand 3 like 1,2.187841534,5.87513215,7.89E-07,3.06E-06,6349
ENSG00000213860,RPL21P75,ribosomal protein L21 pseudogene 75,1.318871618,1.839954389,9.32E-07,3.59E-06,
ENSG00000160307,S100B,S100 calcium binding protein B,2.351840046,4.884161945,1.06E-06,4.03E-06,6285
ENSG00000188010,MORN2,MORN repeat containing 2,1.099191405,1.297857203,1.17E-06,4.44E-06,729967
ENSG00000105251,SHD,Src homology 2 domain containing transforming protein D,1.887614332,1.302893829,1.20E-06,4.57E-06,56961
ENSG00000174715,PPIAP72,peptidylprolyl isomerase A pseudogene 72,1.534070443,0.639064251,1.29E-06,4.88E-06,
ENSG00000143995,MEIS1,Meis homeobox 1,1.023184804,2.938697209,1.37E-06,5.18E-06,4211
ENSG00000239855,IGKV1-6,immunoglobulin kappa variable 1-6,1.525357397,2.320645523,1.39E-06,5.22E-06,
ENSG00000211782,TRAV8-1,T cell receptor alpha variable 8-1,1.110824409,2.334707665,1.51E-06,5.66E-06,
ENSG00000186047,DLEU7,deleted in lymphocytic leukemia 7,1.3515482,1.657986036,1.53E-06,5.73E-06,220107
ENSG00000256128,LINC00944,long intergenic non-protein coding RNA 944,1.059513409,2.246710059,2.06E-06,7.60E-06,
ENSG00000072163,LIMS2,LIM zinc finger domain containing 2,1.139715953,2.314174275,2.19E-06,8.01E-06,55679
ENSG00000163736,PPBP,pro-platelet basic protein,1.361343484,7.671892362,2.22E-06,8.11E-06,5473
ENSG00000156381,ANKRD9,ankyrin repeat domain 9,1.030792349,3.872022923,2.50E-06,9.10E-06,122416
ENSG00000146070,PLA2G7,phospholipase A2 group VII,1.158024703,3.295454831,2.69E-06,9.75E-06,7941
ENSG00000254373,,ubiquinol-cytochrome c reductase binding protein (UQCRB) pseudogene,1.461378566,0.910741085,3.46E-06,1.24E-05,
ENSG00000211597,IGKJ1,immunoglobulin kappa joining 1,1.199047719,1.508291817,3.57E-06,1.27E-05,
ENSG00000210164,MT-TG,mitochondrially encoded tRNA-Gly (GGN),1.410218104,1.983957581,3.69E-06,1.32E-05,
ENSG00000185480,PARPBP,PARP1 binding protein,1.272957936,1.315124614,3.75E-06,1.33E-05,55010
ENSG00000210156,MT-TK,mitochondrially encoded tRNA-Lys (AAA/G),1.840669703,1.530261564,3.91E-06,1.39E-05,
ENSG00000233093,LINC00892,long intergenic non-protein coding RNA 892,1.052511655,2.075999388,4.24E-06,1.50E-05,100128420
ENSG00000240204,SMKR1,small lysine rich protein 1,1.030074589,1.241297055,4.31E-06,1.52E-05,100287482
ENSG00000211670,IGLV3-9,immunoglobulin lambda variable 3-9,1.440120916,2.444646781,4.32E-06,1.52E-05,
ENSG00000196656,,ribosomal protein S26 (RPS26) pseudogene,2.231266167,8.210225376,4.45E-06,1.57E-05,
ENSG00000226396,,ribosomal protein S14 (RPS14) pseudogene,1.105114976,2.516182493,4.89E-06,1.71E-05,
ENSG00000131711,MAP1B,microtubule associated protein 1B,1.504479329,0.912347483,4.92E-06,1.72E-05,4131
ENSG00000241755,IGKV1-9,immunoglobulin kappa variable 1-9,1.842150658,3.871723296,5.81E-06,2.01E-05,
ENSG00000105409,ATP1A3,ATPase Na+/K+ transporting subunit alpha 3,1.064509701,1.413941227,8.09E-06,2.75E-05,478
ENSG00000228495,LINC01013,long intergenic non-protein coding RNA 1013,1.921317592,0.680396996,8.17E-06,2.78E-05,
ENSG00000145736,GTF2H2,general transcription factor IIH subunit 2,1.1635906,2.443898202,8.41E-06,2.86E-05,2966
ENSG00000242265,PEG10,paternally expressed 10,1.12704667,2.88072377,1.04E-05,3.48E-05,23089
ENSG00000163995,ABLIM2,actin binding LIM protein family member 2,1.042851884,1.191527101,1.42E-05,4.69E-05,84448
ENSG00000211689,TRGC1,T cell receptor gamma constant 1,1.066792765,6.235100093,1.56E-05,5.12E-05,445347
ENSG00000283633,,novel transcript,1.28043216,3.355399589,1.66E-05,5.44E-05,
ENSG00000272221,,novel transcript,1.01902704,2.561897377,1.67E-05,5.47E-05,
ENSG00000116285,ERRFI1,ERBB receptor feedback inhibitor 1,1.180353684,2.668257137,1.86E-05,6.04E-05,54206
ENSG00000133105,RXFP2,relaxin family peptide receptor 2,1.470276524,1.535700367,1.94E-05,6.30E-05,122042
ENSG00000226124,FTCDNL1,formiminotransferase cyclodeaminase N-terminal like,1.078871447,1.056343517,2.13E-05,6.88E-05,348751
ENSG00000231769,,novel transcript,1.204145667,1.561506554,2.43E-05,7.76E-05,
ENSG00000198892,SHISA4,shisa family member 4,1.285074958,1.382081261,3.51E-05,0.00010953,149345
ENSG00000163687,DNASE1L3,deoxyribonuclease 1 like 3,1.209876121,1.437056666,3.58E-05,0.000111424,1776
ENSG00000239415,,"novel transcript, antisense to MCM3APAS",1.101442147,1.038536564,4.04E-05,0.00012506,
ENSG00000241666,,novel transcript,1.003183487,1.794448143,4.17E-05,0.000128704,
ENSG00000181773,GPR3,G protein-coupled receptor 3,1.08711692,1.077299928,4.29E-05,0.000132263,2827
ENSG00000137198,GMPR,guanosine monophosphate reductase,1.337393259,4.536235924,4.43E-05,0.000136011,2766
ENSG00000152969,JAKMIP1,janus kinase and microtubule interacting protein 1,1.199144447,1.488616399,5.16E-05,0.000157299,152789
ENSG00000115423,DNAH6,dynein axonemal heavy chain 6,1.118486981,1.400292863,5.19E-05,0.000158222,1768
ENSG00000128283,CDC42EP1,CDC42 effector protein 1,1.023763992,2.707636173,5.76E-05,0.000174291,11135
ENSG00000250568,,"poly(A) binding protein, cytoplasmic 1 (PABPC1) pseudogene",1.208969018,0.968316533,6.35E-05,0.000190829,
ENSG00000231245,C1DP1,C1D nuclear receptor corepressor pseudogene 1,1.080425407,1.418901642,7.26E-05,0.0002162,
ENSG00000170442,KRT86,keratin 86,1.993627997,1.534483504,8.80E-05,0.000258714,3892
ENSG00000174326,SLC16A11,solute carrier family 16 member 11,1.001695167,1.465882419,0.000101793,0.000295557,162515
ENSG00000255733,IFNG-AS1,IFNG antisense RNA 1,1.37627656,1.795573509,0.000120895,0.000347592,100885789
ENSG00000127954,STEAP4,STEAP4 metalloreductase,1.165851822,4.882122998,0.000131337,0.000375543,79689
ENSG00000211820,TRAV41,T cell receptor alpha variable 41,1.223897831,2.15214301,0.000142522,0.000405811,
ENSG00000173535,TNFRSF10C,TNF receptor superfamily member 10c,1.407133893,5.735579737,0.000164264,0.000462467,8794
ENSG00000258168,,"novel transcript, antisense to PTPRB",1.568631759,0.72092453,0.000166539,0.00046819,
ENSG00000225630,MTND2P28,MT-ND2 pseudogene 28,1.582136532,4.829522121,0.000169205,0.000474699,
ENSG00000102109,PCSK1N,proprotein convertase subtilisin/kexin type 1 inhibitor,1.033527741,1.997459839,0.000175264,0.000490175,27344
ENSG00000211792,TRAV14DV4,T cell receptor alpha variable 14/delta variable 4,1.067976558,2.735821981,0.000181492,0.000506026,
ENSG00000225720,,"apolipoprotein B mRNA editing enzyme, catalytic polypeptide-like 3 (APOBEC3) family pseudogene",1.055033746,1.094366636,0.000199864,0.000554169,
ENSG00000236496,GPS2P1,G protein pathway suppressor 2 pseudogene 1,1.05895285,1.781654327,0.00020288,0.000561957,
ENSG00000261654,,"novel transcript, sense overlapping C1orf103",1.166662838,1.457934201,0.000213298,0.000589365,
ENSG00000224650,IGHV3-74,immunoglobulin heavy variable 3-74,1.075674087,3.62589774,0.000225943,0.00062139,
ENSG00000203760,CENPW,centromere protein W,1.055739182,0.880683556,0.000237806,0.000652199,387103
ENSG00000268081,,"novel transcript, antisense to ZNF429",2.06653451,0.559070021,0.000245773,0.0006736,
ENSG00000211714,TRBV7-3,T cell receptor beta variable 7-3,1.015222777,2.536719872,0.000333846,0.000897545,
ENSG00000073792,IGF2BP2,insulin like growth factor 2 mRNA binding protein 2,1.034936294,4.474897872,0.000335785,0.000902579,10644
ENSG00000239948,RN7SL368P,"RNA, 7SL, cytoplasmic 368, pseudogene",1.412059005,0.968736416,0.000338303,0.000908808,
ENSG00000212864,RNF208,ring finger protein 208,1.224595677,1.23546653,0.000378415,0.001008363,727800
ENSG00000131459,GFPT2,glutamine-fructose-6-phosphate transaminase 2,1.36425282,1.040232228,0.000380781,0.001013869,9945
ENSG00000132561,MATN2,matrilin 2,1.10147635,0.983623709,0.000544146,0.001411382,4147
ENSG00000145335,SNCA,synuclein alpha,1.503691875,6.718212753,0.000617204,0.001584488,6622
ENSG00000215559,ANKRD20A11P,"ankyrin repeat domain 20 family member A11, pseudogene",1.462548646,2.833231725,0.000643355,0.001647251,
ENSG00000155542,SETD9,SET domain containing 9,1.075852212,1.757608154,0.000771277,0.001951353,133383
ENSG00000108691,CCL2,C-C motif chemokine ligand 2,1.624653268,1.930757655,0.00077652,0.001963704,6347
ENSG00000273319,,novel transcript,1.016253282,1.687606216,0.000893096,0.002233482,
ENSG00000197992,CLEC9A,C-type lectin domain containing 9A,1.181816524,0.777236224,0.001081838,0.002666105,283420
ENSG00000048462,TNFRSF17,TNF receptor superfamily member 17,1.163907309,2.993769572,0.001147308,0.002810573,608
ENSG00000213939,,ribosomal protein S12 (RPS12) pseudogene,1.065355531,1.711140877,0.001179915,0.00288419,
ENSG00000205810,KLRC3,killer cell lectin like receptor C3,1.000733244,2.024043386,0.001555906,0.003721314,3823
ENSG00000151575,TEX9,testis expressed 9,1.005967779,1.040749622,0.00168478,0.003997074,374618
ENSG00000102230,PCYT1B,"phosphate cytidylyltransferase 1B, choline",1.042448804,1.511288373,0.001794888,0.004238992,9468
ENSG00000243064,ABCC13,ATP binding cassette subfamily C member 13 (pseudogene),1.814141242,1.719771225,0.001830496,0.004317062,
ENSG00000101335,MYL9,myosin light chain 9,1.080060121,5.233247095,0.00185361,0.004366253,10398
ENSG00000244734,HBB,hemoglobin subunit beta,1.412614004,15.74503577,0.002250768,0.005214696,3043
ENSG00000206172,HBA1,hemoglobin subunit alpha 1,1.456471449,9.127131297,0.002446275,0.005629133,3039
ENSG00000231233,CFAP58-DT,CFAP58 divergent transcript,1.210050477,0.747845661,0.003266994,0.007318715,100505869
ENSG00000182379,NXPH4,neurexophilin 4,1.11419238,0.921267713,0.003410376,0.007614726,11247
ENSG00000204815,ODAD4,outer dynein arm docking complex subunit 4,1.515903443,1.144673819,0.004283704,0.009386719,83538
ENSG00000255422,,novel transcript,1.506989442,0.862563436,0.004407986,0.009637221,
ENSG00000232177,MTND4P24,MT-ND4 pseudogene 24,2.359425818,0.540021692,0.006646599,0.013943958,
ENSG00000166831,RBPMS2,"RNA binding protein, mRNA processing factor 2",1.131717219,0.858804506,0.00731555,0.015192022,348093
ENSG00000230257,NFE4,"nuclear factor, erythroid 4",1.422545879,0.925249969,0.007491989,0.015525097,58160
ENSG00000263934,SNORD3A,"small nucleolar RNA, C/D box 3A",1.393173674,1.988997765,0.010417667,0.020878503,
ENSG00000231412,,novel transcript,1.446693228,1.404711436,0.010561029,0.021130537,
ENSG00000236397,DDX11L2,DEAD/H-box helicase 11 like 2 (pseudogene),1.224687844,1.247413272,0.012060716,0.023808486,
ENSG00000169397,RNASE3,ribonuclease A family member 3,1.077017082,1.350091045,0.013421674,0.026235032,6037
ENSG00000168542,COL3A1,collagen type III alpha 1 chain,2.037298666,1.314470513,0.015601037,0.030086762,1281
ENSG00000201098,RNY1,"RNA, Ro60-associated Y1",1.285298783,1.051882892,0.020228313,0.037998587,6084
ENSG00000224114,,ribosomal protein S14 (RPS14) pseudogene,1.222770123,4.833351375,0.023660741,0.043760414,
