gene_id,symbol,gene_name,log2_fold_change,logCPM,LR,PValue,FDR,entrezgene_id
ENSG00000013275,PSMC4,"proteasome 26S subunit, ATPase 4",2.292278505,7.208620664,1084.120163,9.34E-238,1.26E-233,5704
ENSG00000104853,CLPTM1,CLPTM1 regulator of GABA type A receptor forward trafficking,2.23212266,7.557709597,983.74729,6.12E-216,4.15E-212,1209
ENSG00000113387,SUB1,SUB1 regulator of transcription,2.625140489,9.246454513,948.7439741,2.49E-208,1.12E-204,10923
ENSG00000143110,C1orf162,chromosome 1 open reading frame 162,3.052781166,8.703768025,873.6363009,5.29E-192,1.79E-188,128346
ENSG00000167635,ZNF146,zinc finger protein 146,2.644756013,7.398155186,833.5313136,2.77E-183,7.49E-180,7705
ENSG00000105185,PDCD5,programmed cell death 5,2.206969261,5.863073663,832.6534492,4.29E-183,9.69E-180,9141
ENSG00000173915,ATP5MK,ATP synthase membrane subunit k,2.326837046,6.57263001,826.7547612,8.23E-182,1.59E-178,84833
ENSG00000087302,RTRAF,"RNA transcription, translation and transport factor",2.086552,7.377414646,753.9506914,5.55E-166,9.40E-163,51637
ENSG00000210196,MT-TP,mitochondrially encoded tRNA-Pro (CCN),4.418156557,9.129467536,726.6215454,4.86E-160,7.32E-157,
ENSG00000237350,CDC42P6,cell division cycle 42 pseudogene 6,2.035872868,6.7878563,701.8177715,1.20E-154,1.63E-151,
ENSG00000050130,JKAMP,JNK1/MAPK8 associated membrane protein,2.240617615,6.383472877,676.5875347,3.69E-149,4.54E-146,51528
ENSG00000218739,CEBPZOS,CEBPZ opposite strand,1.897357595,6.170757328,671.7770175,4.10E-148,4.63E-145,100505876
ENSG00000119929,CUTC,cutC copper transporter,1.820134158,5.934899664,670.7502559,6.86E-148,7.15E-145,51076
ENSG00000078668,VDAC3,voltage dependent anion channel 3,2.193720302,7.494570848,660.7786276,1.01E-145,9.78E-143,7419
ENSG00000185088,RPS27L,ribosomal protein S27 like,2.186876612,6.687795837,635.2079812,3.68E-140,3.32E-137,51065
ENSG00000235082,SUMO1P3,SUMO1 pseudogene 3,1.999908044,5.103981636,632.3840044,1.51E-139,1.28E-136,
ENSG00000169019,COMMD8,COMM domain containing 8,2.007554214,5.638465084,631.4629019,2.40E-139,1.91E-136,54951
ENSG00000176261,ZBTB8OS,zinc finger and BTB domain containing 8 opposite strand,1.845134663,5.241680092,625.6594944,4.39E-138,3.31E-135,339487
ENSG00000210077,MT-TV,mitochondrially encoded tRNA-Val (GUN),6.838104724,7.362362851,617.7501535,2.31E-136,1.64E-133,
ENSG00000124562,SNRPC,small nuclear ribonucleoprotein polypeptide C,1.670163272,6.563784477,616.3091349,4.75E-136,3.21E-133,6631
ENSG00000116030,SUMO1,small ubiquitin like modifier 1,1.622327867,6.862009993,615.2064309,8.25E-136,5.32E-133,7341
ENSG00000105879,CBLL1,Cbl proto-oncogene like 1,1.947126002,6.88366144,604.7042825,1.59E-133,9.77E-131,79872
ENSG00000210049,MT-TF,mitochondrially encoded tRNA-Phe (UUU/C),8.088816389,7.420473991,596.5225876,9.55E-132,5.63E-129,
ENSG00000105329,TGFB1,transforming growth factor beta 1,1.933451061,9.517389909,580.9312467,2.35E-128,1.33E-125,7040
ENSG00000185862,EVI2B,ecotropic viral integration site 2B,2.778176751,9.236313217,577.6335467,1.23E-127,6.65E-125,2124
ENSG00000083099,LYRM2,LYR motif containing 2,1.746202854,5.373172907,568.9013809,9.73E-126,5.07E-123,57226
ENSG00000181061,HIGD1A,HIG1 hypoxia inducible domain family member 1A,1.845445588,5.621787759,561.422566,4.12E-124,2.07E-121,25994
ENSG00000114902,SPCS1,signal peptidase complex subunit 1,1.490155465,6.734554244,553.674543,2.00E-122,9.66E-120,28972
ENSG00000111142,METAP2,methionyl aminopeptidase 2,1.671439754,6.847466829,542.2138557,6.22E-120,2.90E-117,10988
ENSG00000211459,MT-RNR1,mitochondrially encoded 12S rRNA,5.381588218,16.0823106,538.9131025,3.25E-119,1.47E-116,
ENSG00000146223,RPL7L1,ribosomal protein L7 like 1,1.511604581,7.13265308,529.9042558,2.96E-117,1.29E-114,285855
ENSG00000205581,HMGN1,high mobility group nucleosome binding domain 1,1.262000536,8.052014484,518.4491004,9.20E-115,3.89E-112,3150
ENSG00000204227,RING1,ring finger protein 1,1.241095865,6.357301328,509.1143935,9.88E-113,4.06E-110,6015
ENSG00000210194,MT-TE,mitochondrially encoded tRNA-Glu (GAA/G),4.783102326,4.557106867,505.2179923,6.96E-112,2.77E-109,
ENSG00000122033,MTIF3,mitochondrial translational initiation factor 3,1.755262784,5.474494745,499.2762109,1.37E-110,5.29E-108,219402
ENSG00000172172,MRPL13,mitochondrial ribosomal protein L13,2.094987186,5.158010946,498.6836032,1.84E-110,6.91E-108,28998
ENSG00000088247,KHSRP,KH-type splicing regulatory protein,1.331247685,7.505872527,489.5674709,1.77E-108,6.48E-106,8570
ENSG00000253954,HMGN1P38,high mobility group nucleosome binding domain 1 pseudogene 38,1.780865503,5.048455576,488.1023025,3.69E-108,1.31E-105,
ENSG00000061794,MRPS35,mitochondrial ribosomal protein S35,1.626045497,6.072824986,486.0091069,1.05E-107,3.65E-105,60488
ENSG00000213585,VDAC1,voltage dependent anion channel 1,1.611899055,6.658269945,484.8652265,1.87E-107,6.32E-105,7416
ENSG00000105698,USF2,"upstream transcription factor 2, c-fos interacting",1.212642187,8.216000259,482.1652802,7.22E-107,2.39E-104,7392
ENSG00000169714,CNBP,CCHC-type zinc finger nucleic acid binding protein,1.229965174,9.682451251,474.9313381,2.71E-105,8.73E-103,7555
ENSG00000118418,HMGN3,high mobility group nucleosomal binding domain 3,1.504049379,6.065606591,474.1795279,3.95E-105,1.24E-102,9324
ENSG00000111481,COPZ1,COPI coat complex subunit zeta 1,1.563781837,7.567217339,466.5154794,1.84E-103,5.65E-101,22818
ENSG00000104613,INTS10,integrator complex subunit 10,1.305117901,6.860362883,465.3324325,3.32E-103,1.00E-100,55174
ENSG00000085231,AK6,adenylate kinase 6,2.302907705,4.170223413,465.1613863,3.62E-103,1.07E-100,102157402
ENSG00000129055,ANAPC13,anaphase promoting complex subunit 13,2.070260399,6.310802396,464.7618316,4.42E-103,1.27E-100,25847
ENSG00000206573,THUMPD3-AS1,THUMPD3 antisense RNA 1,1.881698437,5.169511018,461.7916519,1.96E-102,5.53E-100,440944
ENSG00000150459,SAP18,Sin3A associated protein 18,1.337130879,7.585972387,455.7857068,3.97E-101,1.10E-98,10284
ENSG00000137970,RPL7P9,ribosomal protein L7 pseudogene 9,2.270779523,10.65625192,451.9643247,2.70E-100,7.30E-98,
ENSG00000147604,RPL7,ribosomal protein L7,2.133737298,9.050025426,451.7799784,2.96E-100,7.85E-98,6129
ENSG00000170310,STX8,syntaxin 8,1.886218719,5.570699147,450.0253413,7.12E-100,1.85E-97,9482
ENSG00000146007,ZMAT2,zinc finger matrin-type 2,1.734097033,7.725003731,442.1625726,3.66E-98,9.36E-96,153527
ENSG00000273841,TAF9,TATA-box binding protein associated factor 9,1.623732118,5.611315522,441.6756405,4.67E-98,1.17E-95,6880
ENSG00000081870,HSPB11,heat shock protein family B (small) member 11,1.549835574,5.088584181,440.2992768,9.32E-98,2.29E-95,51668
ENSG00000198727,MT-CYB,mitochondrially encoded cytochrome b,3.865019385,14.05450103,439.2000153,1.62E-97,3.91E-95,4519
ENSG00000270647,TAF15,TATA-box binding protein associated factor 15,1.151845607,8.164315673,436.5674605,6.05E-97,1.41E-94,8148
ENSG00000128708,HAT1,histone acetyltransferase 1,1.466810796,5.836757838,432.5838706,4.45E-96,1.02E-93,8520
ENSG00000109534,GAR1,GAR1 ribonucleoprotein,1.587449007,4.535580323,430.5250173,1.25E-95,2.82E-93,54433
ENSG00000014641,MDH1,malate dehydrogenase 1,1.577799296,7.054405901,429.0790051,2.58E-95,5.72E-93,4190
ENSG00000214485,RPL7P1,ribosomal protein L7 pseudogene 1,2.298876454,9.830612384,428.8648376,2.87E-95,6.27E-93,
ENSG00000136888,ATP6V1G1,ATPase H+ transporting V1 subunit G1,1.330104963,7.853374567,415.2034616,2.70E-92,5.71E-90,9550
ENSG00000175550,DRAP1,DR1 associated protein 1,1.155467524,7.142765503,410.4514394,2.92E-91,6.09E-89,10589
ENSG00000198695,MT-ND6,mitochondrially encoded NADH:ubiquinone oxidoreductase core subunit 6,2.531923102,11.81455352,407.5784538,1.23E-90,2.53E-88,4541
ENSG00000133321,PLAAT4,phospholipase A and acyltransferase 4,1.626894446,7.538475099,403.4075786,9.98E-90,2.02E-87,5920
ENSG00000163634,THOC7,THO complex subunit 7,1.432813127,5.770055743,399.160289,8.39E-89,1.67E-86,80145
ENSG00000143933,CALM2,calmodulin 2,1.909882606,9.996089784,398.5177443,1.16E-88,2.27E-86,805
ENSG00000198721,ECI2,enoyl-CoA delta isomerase 2,1.727040878,4.885631313,398.1788638,1.37E-88,2.65E-86,10455
ENSG00000111845,PAK1IP1,PAK1 interacting protein 1,2.030624537,4.361701384,394.9917322,6.78E-88,1.29E-85,55003
ENSG00000196511,TPK1,thiamin pyrophosphokinase 1,1.812256816,5.109045767,394.9052935,7.08E-88,1.33E-85,27010
ENSG00000108107,RPL28,ribosomal protein L28,1.588977778,10.80594121,389.5659213,1.03E-86,1.91E-84,6158
ENSG00000177879,AP3S1,adaptor related protein complex 3 subunit sigma 1,1.450850356,6.609184496,385.5083713,7.87E-86,1.44E-83,1176
ENSG00000209082,MT-TL1,mitochondrially encoded tRNA-Leu (UUA/G) 1,4.670728264,5.545884734,384.944265,1.04E-85,1.88E-83,
ENSG00000269893,SNHG8,small nucleolar RNA host gene 8,2.162901308,6.617369842,380.313177,1.06E-84,1.90E-82,
ENSG00000147687,TATDN1,TatD DNase domain containing 1,1.894923893,4.726034755,379.9802613,1.26E-84,2.21E-82,83940
ENSG00000113732,ATP6V0E1,ATPase H+ transporting V0 subunit e1,1.475134466,8.089625459,378.5585288,2.56E-84,4.45E-82,8992
ENSG00000167554,ZNF610,zinc finger protein 610,5.037065697,2.979909414,362.4658253,8.18E-81,1.40E-78,162963
ENSG00000078808,SDF4,stromal cell derived factor 4,1.060144878,7.810614429,355.5930885,2.57E-79,4.34E-77,51150
ENSG00000243317,STMP1,short transmembrane mitochondrial protein 1,1.910675808,7.07958876,352.6906116,1.10E-78,1.84E-76,647087
ENSG00000151092,NGLY1,N-glycanase 1,1.221239062,5.961735348,349.4525575,5.58E-78,9.21E-76,55768
ENSG00000155959,VBP1,VHL binding protein 1,1.527823077,5.59073714,349.2542504,6.16E-78,1.00E-75,7411
ENSG00000065518,NDUFB4,NADH:ubiquinone oxidoreductase subunit B4,1.209211011,6.179833323,346.7169531,2.20E-77,3.54E-75,4710
ENSG00000155329,ZCCHC10,zinc finger CCHC-type containing 10,1.68853391,4.753054748,344.4500336,6.85E-77,1.09E-74,54819
ENSG00000110848,CD69,CD69 molecule,2.94655852,9.030475843,342.9701547,1.44E-76,2.27E-74,969
ENSG00000109390,NDUFC1,NADH:ubiquinone oxidoreductase subunit C1,1.524467235,4.568954715,342.8990453,1.49E-76,2.32E-74,4717
ENSG00000244398,RPL36AP37,ribosomal protein L36a pseudogene 37,1.809348679,9.908121393,341.9937596,2.35E-76,3.61E-74,
ENSG00000143727,ACP1,acid phosphatase 1,1.220906581,7.076408971,339.6410278,7.64E-76,1.16E-73,52
ENSG00000165632,TAF3,TATA-box binding protein associated factor 3,1.208173361,5.833220521,339.4235098,8.52E-76,1.28E-73,83860
ENSG00000177556,ATOX1,antioxidant 1 copper chaperone,1.670710879,4.793070759,335.969789,4.81E-75,7.17E-73,475
ENSG00000131171,SH3BGRL,SH3 domain binding glutamate rich protein like,1.207582656,8.202008214,331.0334198,5.72E-74,8.43E-72,6451
ENSG00000114021,NIT2,nitrilase family member 2,1.328645497,4.987784963,329.5920994,1.18E-73,1.72E-71,56954
ENSG00000131100,ATP6V1E1,ATPase H+ transporting V1 subunit E1,1.069701725,6.756141051,327.0695853,4.18E-73,5.96E-71,529
ENSG00000151348,EXT2,exostosin glycosyltransferase 2,1.229638277,6.007523685,320.6110672,1.07E-71,1.49E-69,2132
ENSG00000093144,ECHDC1,ethylmalonyl-CoA decarboxylase 1,1.552035175,6.497999098,320.5375504,1.11E-71,1.53E-69,55862
ENSG00000122873,CISD1,CDGSH iron sulfur domain 1,2.392398214,3.889288158,320.4265409,1.17E-71,1.60E-69,55847
ENSG00000241468,ATP5MF,ATP synthase membrane subunit f,1.350245641,5.699978001,317.0293764,6.43E-71,8.70E-69,9551
ENSG00000011007,ELOA,elongin A,1.373982292,6.142570471,316.4041864,8.79E-71,1.18E-68,6924
ENSG00000173486,FKBP2,FKBP prolyl isomerase 2,1.281953145,5.603422339,306.5732573,1.22E-68,1.60E-66,2286
ENSG00000198888,MT-ND1,mitochondrially encoded NADH:ubiquinone oxidoreductase core subunit 1,3.419163752,13.86254462,304.7804149,2.99E-68,3.90E-66,4535
ENSG00000101052,IFT52,intraflagellar transport 52,1.443037372,5.317980008,302.1848332,1.10E-67,1.42E-65,51098
ENSG00000160563,MED27,mediator complex subunit 27,1.481077389,4.463023496,297.7388119,1.02E-66,1.31E-64,9442
ENSG00000167699,GLOD4,glyoxalase domain containing 4,1.080965049,6.728357544,297.3188542,1.26E-66,1.60E-64,51031
ENSG00000027075,PRKCH,protein kinase C eta,1.315260782,8.57174085,295.348791,3.40E-66,4.26E-64,5583
ENSG00000171202,TMEM126A,transmembrane protein 126A,1.62920741,4.561407367,291.1206712,2.83E-65,3.49E-63,84233
ENSG00000154589,LY96,lymphocyte antigen 96,2.604564502,5.433497445,285.9931464,3.71E-64,4.45E-62,23643
ENSG00000210195,MT-TT,mitochondrially encoded tRNA-Thr (ACN),4.140752997,2.53755956,285.7878429,4.12E-64,4.89E-62,
ENSG00000176209,SMIM19,small integral membrane protein 19,1.517800528,4.847233659,282.9545282,1.71E-63,1.99E-61,114926
ENSG00000065548,ZC3H15,zinc finger CCCH-type containing 15,1.094542035,6.757600676,280.6600541,5.39E-63,6.24E-61,55854
ENSG00000149357,LAMTOR1,"late endosomal/lysosomal adaptor, MAPK and MTOR activator 1",1.256250704,7.403053709,276.5970048,4.14E-62,4.75E-60,55004
ENSG00000236287,ZBED5,zinc finger BED-type containing 5,1.266806801,6.543493976,275.8112953,6.14E-62,6.93E-60,58486
ENSG00000126461,SCAF1,SR-related CTD associated factor 1,1.083866746,6.025845464,275.0329868,9.08E-62,1.02E-59,58506
ENSG00000154723,ATP5PF,ATP synthase peripheral stalk subunit F6,1.582117821,5.845190822,274.8854779,9.78E-62,1.09E-59,522
ENSG00000171497,PPID,peptidylprolyl isomerase D,1.379083084,4.90035528,274.4965501,1.19E-61,1.31E-59,5481
ENSG00000164919,COX6C,cytochrome c oxidase subunit 6C,1.166169776,6.958040969,273.9368424,1.57E-61,1.72E-59,1345
ENSG00000151093,OXSM,"3-oxoacyl-ACP synthase, mitochondrial",1.820794419,3.844711616,272.8803692,2.67E-61,2.90E-59,54995
ENSG00000102245,CD40LG,CD40 ligand,1.865243846,5.157524336,272.6824609,2.95E-61,3.17E-59,959
ENSG00000175602,CCDC85B,coiled-coil domain containing 85B,1.041443627,5.73378593,269.9299163,1.18E-60,1.25E-58,11007
ENSG00000241553,ARPC4,actin related protein 2/3 complex subunit 4,1.197705915,7.880815169,268.0497328,3.02E-60,3.17E-58,10093
ENSG00000136146,MED4,mediator complex subunit 4,1.102948717,5.866521594,266.9733384,5.18E-60,5.40E-58,29079
ENSG00000150681,RGS18,regulator of G protein signaling 18,3.39909006,8.947188918,264.9311842,1.44E-59,1.47E-57,64407
ENSG00000005486,RHBDD2,rhomboid domain containing 2,1.225467626,6.516130295,264.5578763,1.74E-59,1.76E-57,57414
ENSG00000257815,PRANCR,progenitor renewal associated non-coding RNA,2.208774822,2.943431399,264.5257581,1.77E-59,1.78E-57,101928062
ENSG00000179091,CYC1,cytochrome c1,1.024036902,6.625276087,262.9153899,3.97E-59,3.90E-57,1537
ENSG00000102898,NUTF2,nuclear transport factor 2,1.130810625,6.043090491,262.3056107,5.39E-59,5.26E-57,10204
ENSG00000136521,NDUFB5,NADH:ubiquinone oxidoreductase subunit B5,1.357038452,6.242697854,261.1207778,9.78E-59,9.39E-57,4711
ENSG00000169564,PCBP1,poly(rC) binding protein 1,1.043375455,8.014010833,260.6448561,1.24E-58,1.18E-56,5093
ENSG00000065154,OAT,ornithine aminotransferase,1.474277835,6.466044224,260.3837092,1.42E-58,1.33E-56,4942
ENSG00000258733,LINC02328,long intergenic non-protein coding RNA 2328,2.146485581,3.466468638,259.4794739,2.23E-58,2.07E-56,
ENSG00000104412,EMC2,ER membrane protein complex subunit 2,1.554733571,4.410982965,256.614407,9.39E-58,8.53E-56,9694
ENSG00000172799,ZBTB8OSP2,zinc finger and BTB domain containing 8 opposite strand pseudogene 2,2.213537574,3.169728316,256.2919109,1.10E-57,9.96E-56,
ENSG00000235734,HMGN1P36,high mobility group nucleosome binding domain 1 pseudogene 36,1.61742745,4.016508039,255.8033834,1.41E-57,1.26E-55,
ENSG00000100982,PCIF1,phosphorylated CTD interacting factor 1,1.09868871,6.595289322,255.2682734,1.84E-57,1.64E-55,63935
ENSG00000113369,ARRDC3,arrestin domain containing 3,1.441276923,9.087189331,254.4052158,2.85E-57,2.52E-55,57561
ENSG00000167674,HDGFL2,HDGF like 2,1.124454071,5.71340976,253.6186926,4.22E-57,3.71E-55,84717
ENSG00000131779,PEX11B,peroxisomal biogenesis factor 11 beta,1.179393902,5.017142574,253.3941571,4.73E-57,4.10E-55,8799
ENSG00000248569,,mediator complex subunit 27 (MED27) pseudogene,1.75371811,3.271974975,253.018465,5.71E-57,4.92E-55,
ENSG00000073905,VDAC1P1,voltage dependent anion channel 1 pseudogene 1,1.750198925,2.806810146,253.0071577,5.74E-57,4.92E-55,
ENSG00000267809,NDUFV2P1,NADH:ubiquinone oxidoreductase core subunit V2 pseudogene 1,1.375187844,4.346591669,248.5609207,5.35E-56,4.50E-54,
ENSG00000158019,BABAM2,BRISC and BRCA1 A complex member 2,1.063237936,5.293358245,247.8036261,7.82E-56,6.54E-54,9577
ENSG00000139168,ZCRB1,zinc finger CCHC-type and RNA binding motif containing 1,1.420545352,5.501066023,247.7548733,8.02E-56,6.66E-54,85437
ENSG00000110063,DCPS,"decapping enzyme, scavenger",1.476843292,4.749595078,247.4901873,9.15E-56,7.56E-54,28960
ENSG00000109919,MTCH2,mitochondrial carrier 2,1.035511059,5.475125442,246.9752262,1.19E-55,9.73E-54,23788
ENSG00000113068,PFDN1,prefoldin subunit 1,1.168838901,5.927791827,246.576868,1.45E-55,1.18E-53,5201
ENSG00000229097,CALM2P2,calmodulin 2 pseudogene 2,2.089110981,4.343855874,245.0112863,3.18E-55,2.56E-53,
ENSG00000089327,FXYD5,FXYD domain containing ion transport regulator 5,1.107260112,8.073712919,244.7650467,3.60E-55,2.86E-53,53827
ENSG00000204397,CARD16,caspase recruitment domain family member 16,1.351992138,6.171148977,244.4045468,4.31E-55,3.41E-53,114769
ENSG00000151611,MMAA,metabolism of cobalamin associated A,1.703827107,3.85592979,243.3053768,7.48E-55,5.86E-53,166785
ENSG00000253341,PCBP2P2,poly(rC) binding protein 2 pseudogene 2,1.107825245,6.221176631,242.0850892,1.38E-54,1.07E-52,
ENSG00000151657,KIN,Kin17 DNA and RNA binding protein,1.418579049,4.340072791,241.3210168,2.03E-54,1.55E-52,22944
ENSG00000227081,,ribosomal protein S27 (RPS27) pseudogene,1.444531693,10.71434285,239.7915817,4.37E-54,3.27E-52,
ENSG00000023697,DERA,deoxyribose-phosphate aldolase,1.373956829,5.065104119,239.5891767,4.83E-54,3.60E-52,51071
ENSG00000126653,NSRP1,nuclear speckle splicing regulatory protein 1,1.13362366,5.391543966,239.5550307,4.92E-54,3.64E-52,84081
ENSG00000140350,ANP32A,acidic nuclear phosphoprotein 32 family member A,1.02217324,8.153015317,238.3118908,9.18E-54,6.76E-52,8125
ENSG00000182054,IDH2,isocitrate dehydrogenase (NADP(+)) 2,1.116589448,7.140169631,236.5476822,2.23E-53,1.63E-51,3418
ENSG00000151461,UPF2,UPF2 regulator of nonsense mediated mRNA decay,1.152654744,6.259783177,236.5155129,2.26E-53,1.65E-51,26019
ENSG00000140395,SKIC8,SKI8 subunit of superkiller complex,1.130424788,5.540645444,236.4871598,2.29E-53,1.66E-51,80349
ENSG00000198786,MT-ND5,mitochondrially encoded NADH:ubiquinone oxidoreductase core subunit 5,2.358695613,13.03156888,234.3255635,6.79E-53,4.82E-51,4540
ENSG00000138382,METTL5,"methyltransferase 5, N6-adenosine",1.517637005,4.701413181,234.3243111,6.80E-53,4.82E-51,29081
ENSG00000198886,MT-ND4,mitochondrially encoded NADH:ubiquinone oxidoreductase core subunit 4,2.288132798,13.38390482,231.1723704,3.31E-52,2.31E-50,4538
ENSG00000179262,RAD23A,"RAD23 homolog A, nucleotide excision repair protein",1.186984352,6.543092578,230.5896156,4.43E-52,3.08E-50,5886
ENSG00000163584,RPL22L1,ribosomal protein L22 like 1,1.53480947,5.47163179,229.8572435,6.40E-52,4.40E-50,200916
ENSG00000166170,BAG5,BAG cochaperone 5,1.128765244,6.264600883,227.8759745,1.73E-51,1.17E-49,9529
ENSG00000037241,RPL26L1,ribosomal protein L26 like 1,1.693011901,3.896782477,227.3403078,2.27E-51,1.53E-49,51121
ENSG00000163170,BOLA3,bolA family member 3,1.902933638,3.633257195,227.1515848,2.49E-51,1.66E-49,388962
ENSG00000112305,SMAP1,small ArfGAP 1,1.26997624,4.326051289,225.0083839,7.31E-51,4.85E-49,60682
ENSG00000136159,NUDT15,nudix hydrolase 15,1.726291674,4.131781831,222.9507787,2.05E-50,1.34E-48,55270
ENSG00000101166,PRELID3B,PRELI domain containing 3B,1.12461223,6.37397022,220.5009607,7.03E-50,4.49E-48,51012
ENSG00000150787,PTS,6-pyruvoyltetrahydropterin synthase,1.762339975,4.443210736,219.653543,1.08E-49,6.81E-48,5805
ENSG00000100865,CINP,cyclin dependent kinase 2 interacting protein,1.126326336,4.875377665,217.2932094,3.52E-49,2.19E-47,51550
ENSG00000075188,NUP37,nucleoporin 37,1.523934089,4.318809668,214.7551395,1.26E-48,7.59E-47,79023
ENSG00000101079,NDRG3,NDRG family member 3,1.012686138,6.069096302,211.4730251,6.55E-48,3.86E-46,57446
ENSG00000126264,HCST,hematopoietic cell signal transducer,1.493221193,4.859326669,208.6747547,2.67E-47,1.53E-45,10870
ENSG00000235162,C12orf75,chromosome 12 open reading frame 75,1.565849866,6.72655047,208.5786244,2.81E-47,1.60E-45,387882
ENSG00000113734,BNIP1,BCL2 interacting protein 1,1.519387482,4.201675316,206.4280049,8.26E-47,4.66E-45,662
ENSG00000100554,ATP6V1D,ATPase H+ transporting V1 subunit D,1.631473425,5.337117677,204.764565,1.91E-46,1.07E-44,51382
ENSG00000136874,STX17,syntaxin 17,1.225922331,4.565340041,204.5305042,2.14E-46,1.19E-44,55014
ENSG00000089048,ESF1,ESF1 nucleolar pre-rRNA processing protein homolog,1.388624017,5.183077119,203.3395967,3.90E-46,2.15E-44,51575
ENSG00000140598,EFL1,elongation factor like GTPase 1,1.091020026,4.894100413,199.9231534,2.17E-45,1.16E-43,79631
ENSG00000105171,POP4,"POP4 homolog, ribonuclease P/MRP subunit",1.086283126,5.688481015,198.8151982,3.79E-45,1.98E-43,10775
ENSG00000109775,UFSP2,UFM1 specific peptidase 2,1.300596033,4.042644109,196.2703608,1.36E-44,7.01E-43,55325
ENSG00000136514,RTP4,receptor transporter protein 4,1.699115654,4.281614265,192.0464668,1.14E-43,5.70E-42,64108
ENSG00000125482,TTF1,transcription termination factor 1,1.166142934,5.034692096,191.5837186,1.43E-43,7.11E-42,7270
ENSG00000125534,PPDPF,pancreatic progenitor cell differentiation and proliferation factor,2.032063384,7.124267411,191.1105744,1.82E-43,8.99E-42,79144
ENSG00000226950,DANCR,differentiation antagonizing non-protein coding RNA,1.288799819,5.258287235,191.0463805,1.88E-43,9.25E-42,57291
ENSG00000108798,ABI3,ABI family member 3,1.442867732,6.62162147,190.6852041,2.25E-43,1.10E-41,51225
ENSG00000228532,SUMO2P21,SUMO2 pseudogene 21,1.07232906,4.548666698,190.2586647,2.79E-43,1.36E-41,
ENSG00000113088,GZMK,granzyme K,2.408806797,7.239728374,189.2905874,4.54E-43,2.20E-41,3003
ENSG00000058799,YIPF1,Yip1 domain family member 1,1.335396871,5.030645164,188.7078542,6.09E-43,2.91E-41,54432
ENSG00000176454,LPCAT4,lysophosphatidylcholine acyltransferase 4,1.006258338,5.549050124,187.9000202,9.14E-43,4.33E-41,254531
ENSG00000203950,RTL8A,retrotransposon Gag like 8A,1.25255694,3.578174506,184.8834178,4.16E-42,1.90E-40,26071
ENSG00000210082,MT-RNR2,mitochondrially encoded 16S rRNA,2.622170677,15.10250153,184.3905933,5.33E-42,2.41E-40,
ENSG00000213699,SLC35F6,solute carrier family 35 member F6,1.037328886,5.000966181,182.9207543,1.12E-41,5.02E-40,54978
ENSG00000112335,SNX3,sorting nexin 3,1.163672713,7.680333477,180.5588925,3.66E-41,1.61E-39,8724
ENSG00000102007,PLP2,proteolipid protein 2,1.161923518,7.299533615,180.4581968,3.85E-41,1.69E-39,5355
ENSG00000127080,IPPK,inositol-pentakisphosphate 2-kinase,1.637179375,2.887202852,180.3437469,4.08E-41,1.78E-39,64768
ENSG00000104218,CSPP1,centrosome and spindle pole associated protein 1,1.057530695,4.874397132,179.4914835,6.26E-41,2.72E-39,79848
ENSG00000234287,,ribosomal protein S27 (RPS27) pseudogene,1.478920366,8.227790311,179.4757088,6.31E-41,2.73E-39,
ENSG00000173264,GPR137,G protein-coupled receptor 137,1.111995983,4.546435011,179.3289363,6.79E-41,2.92E-39,56834
ENSG00000102265,TIMP1,TIMP metallopeptidase inhibitor 1,1.122381593,6.599713773,178.9422336,8.25E-41,3.53E-39,7076
ENSG00000156587,UBE2L6,ubiquitin conjugating enzyme E2 L6,1.140466478,7.295751075,178.9126033,8.37E-41,3.58E-39,9246
ENSG00000124172,ATP5F1E,ATP synthase F1 subunit epsilon,1.124612803,8.084001687,178.0222183,1.31E-40,5.53E-39,514
ENSG00000107438,PDLIM1,PDZ and LIM domain 1,1.600172386,5.915927627,177.4505945,1.75E-40,7.34E-39,9124
ENSG00000210107,MT-TQ,mitochondrially encoded tRNA-Gln (CAA/G),4.529206256,3.066733943,177.0762839,2.11E-40,8.84E-39,
ENSG00000132965,ALOX5AP,arachidonate 5-lipoxygenase activating protein,1.710715206,7.460761038,176.5687255,2.72E-40,1.13E-38,241
ENSG00000198851,CD3E,CD3 epsilon subunit of T-cell receptor complex,1.098310539,9.052318028,175.1914911,5.44E-40,2.22E-38,916
ENSG00000066583,ISOC1,isochorismatase domain containing 1,1.27968307,4.40017521,174.6187921,7.25E-40,2.96E-38,51015
ENSG00000168904,LRRC28,leucine rich repeat containing 28,1.271378626,4.285334263,173.6957977,1.15E-39,4.64E-38,123355
ENSG00000152147,GEMIN6,gem nuclear organelle associated protein 6,1.405829727,3.334532375,172.5515293,2.05E-39,8.07E-38,79833
ENSG00000049167,ERCC8,"ERCC excision repair 8, CSA ubiquitin ligase complex subunit",1.421389726,3.726199339,172.185201,2.47E-39,9.65E-38,1161
ENSG00000173511,VEGFB,vascular endothelial growth factor B,1.163898807,4.691824584,171.7651369,3.05E-39,1.19E-37,7423
ENSG00000109536,FRG1,FSHD region gene 1,1.083110015,5.387928101,171.0551677,4.35E-39,1.68E-37,2483
ENSG00000164305,CASP3,caspase 3,1.15444934,6.006462841,170.8779646,4.76E-39,1.83E-37,836
ENSG00000170515,PA2G4,proliferation-associated 2G4,1.050134816,6.701132235,165.9761724,5.60E-38,2.08E-36,5036
ENSG00000213856,VDAC1P2,voltage dependent anion channel 1 pseudogene 2,1.850764863,2.707794169,165.8269737,6.03E-38,2.23E-36,
ENSG00000067365,METTL22,"methyltransferase 22, Kin17 lysine",1.049148309,4.226921071,165.2606327,8.02E-38,2.94E-36,79091
ENSG00000136810,TXN,thioredoxin,1.057805805,6.030143619,165.197976,8.28E-38,3.01E-36,7295
ENSG00000177666,PNPLA2,patatin like phospholipase domain containing 2,1.00496655,7.51853901,164.2568845,1.33E-37,4.78E-36,57104
ENSG00000158869,FCER1G,Fc epsilon receptor Ig,1.47739861,7.82566392,164.0131097,1.50E-37,5.38E-36,2207
ENSG00000268355,,novel transcript,3.222474438,2.770699678,163.8057871,1.67E-37,5.94E-36,
ENSG00000174173,TRMT10C,"tRNA methyltransferase 10C, mitochondrial RNase P subunit",1.059096599,4.882343881,162.9180863,2.61E-37,9.27E-36,54931
ENSG00000259436,,"novel transcript, antisense to POU2F2",1.550462186,3.778786443,161.1746082,6.27E-37,2.16E-35,
ENSG00000212907,MT-ND4L,mitochondrially encoded NADH:ubiquinone oxidoreductase core subunit 4L,2.03688255,10.27309041,160.948615,7.02E-37,2.41E-35,4539
ENSG00000102409,BEX4,brain expressed X-linked 4,1.073694766,5.609826615,159.550331,1.42E-36,4.80E-35,56271
ENSG00000150456,EEF1AKMT1,EEF1A lysine methyltransferase 1,2.033208903,2.863004194,157.7968215,3.43E-36,1.15E-34,221143
ENSG00000247774,PCED1B-AS1,PCED1B antisense RNA 1,1.042201212,7.809272212,156.6796028,6.01E-36,1.99E-34,100233209
ENSG00000117691,NENF,neudesin neurotrophic factor,1.184508069,4.427414452,155.1931561,1.27E-35,4.14E-34,29937
ENSG00000159335,PTMS,parathymosin,1.832775412,5.712169981,152.9985141,3.83E-35,1.22E-33,5763
ENSG00000115540,MOB4,"MOB family member 4, phocein",1.093437115,5.355116848,152.3619254,5.28E-35,1.66E-33,25843
ENSG00000233762,RPS15P4,ribosomal protein S15 pseudogene 4,1.271446909,5.963510749,151.4566096,8.33E-35,2.59E-33,
ENSG00000104671,DCTN6,dynactin subunit 6,1.108764353,4.196082739,151.341932,8.82E-35,2.73E-33,10671
ENSG00000171928,TVP23B,trans-golgi network vesicle protein 23 homolog B,1.099876971,5.256632691,150.4346721,1.39E-34,4.27E-33,51030
ENSG00000204604,ZNF468,zinc finger protein 468,1.469573173,4.959998945,149.0612713,2.78E-34,8.31E-33,90333
ENSG00000186395,KRT10,keratin 10,1.025715769,4.979065704,147.90362,4.98E-34,1.46E-32,3858
ENSG00000122694,GLIPR2,GLI pathogenesis related 2,1.044550849,8.154736533,147.9013333,4.99E-34,1.46E-32,152007
ENSG00000131042,LILRB2,leukocyte immunoglobulin like receptor B2,1.675078417,8.412371172,147.3348515,6.63E-34,1.93E-32,10288
ENSG00000115539,PDCL3,phosducin like 3,1.05738957,4.779466898,145.8174687,1.42E-33,4.03E-32,79031
ENSG00000150045,KLRF1,killer cell lectin like receptor F1,2.037688537,7.06781322,145.1995869,1.94E-33,5.45E-32,51348
ENSG00000099290,WASHC2A,WASH complex subunit 2A,1.121317383,6.870428222,144.7551626,2.43E-33,6.76E-32,387680
ENSG00000120656,TAF12,TATA-box binding protein associated factor 12,1.010932713,4.737656622,142.1066957,9.22E-33,2.51E-31,6883
ENSG00000248527,MTATP6P1,MT-ATP6 pseudogene 1,1.451761362,8.491821701,141.6836461,1.14E-32,3.09E-31,
ENSG00000140280,LYSMD2,LysM domain containing 2,1.01691758,4.895441189,141.3606724,1.34E-32,3.63E-31,256586
ENSG00000116815,CD58,CD58 molecule,1.082152248,4.76711921,139.3131064,3.76E-32,1.00E-30,965
ENSG00000119328,ABITRAM,actin binding transcription modulator,1.063596392,3.793983185,138.412038,5.92E-32,1.56E-30,54942
ENSG00000270605,,novel transcript,1.774183119,2.539224205,138.0645651,7.05E-32,1.86E-30,
ENSG00000150093,ITGB1,integrin subunit beta 1,1.196008869,9.323633433,137.6355761,8.76E-32,2.29E-30,3688
ENSG00000177954,RPS27,ribosomal protein S27,1.113214472,7.905528794,135.8567465,2.14E-31,5.49E-30,6232
ENSG00000234369,TATDN1P1,TatD DNase domain containing 1 pseudogene 1,2.147576941,1.673744992,134.0936098,5.21E-31,1.32E-29,
ENSG00000100802,C14orf93,chromosome 14 open reading frame 93,1.084094494,4.14867676,133.5294709,6.92E-31,1.74E-29,60686
ENSG00000244363,RPL7P23,ribosomal protein L7 pseudogene 23,2.357685696,1.584374773,133.5193495,6.96E-31,1.75E-29,
ENSG00000064012,CASP8,caspase 8,1.253165092,8.563780813,132.1361037,1.40E-30,3.46E-29,841
ENSG00000104341,LAPTM4B,lysosomal protein transmembrane 4 beta,1.703301892,3.139928784,131.954701,1.53E-30,3.78E-29,55353
ENSG00000139679,LPAR6,lysophosphatidic acid receptor 6,1.064460343,6.287457676,131.6408159,1.79E-30,4.41E-29,10161
ENSG00000210100,MT-TI,mitochondrially encoded tRNA-Ile (AUU/C),3.27090073,2.83961244,129.6352706,4.92E-30,1.19E-28,
ENSG00000269378,ITGB1P1,integrin subunit beta 1 pseudogene 1,1.204753616,6.824183987,129.2639127,5.94E-30,1.43E-28,
ENSG00000250479,CHCHD10,coiled-coil-helix-coiled-coil-helix domain containing 10,1.108844765,4.83996148,129.1957487,6.14E-30,1.47E-28,400916
ENSG00000157514,TSC22D3,TSC22 domain family member 3,1.156683047,10.40630538,127.5619202,1.40E-29,3.27E-28,1831
ENSG00000138613,APH1B,"aph-1 homolog B, gamma-secretase subunit",1.057304257,4.825309548,127.4370192,1.49E-29,3.47E-28,83464
ENSG00000272779,BMS1P20,BMS1 pseudogene 20,1.214946347,4.114009797,127.1365773,1.73E-29,4.02E-28,
ENSG00000128891,CCDC32,coiled-coil domain containing 32,1.035851367,4.181453628,126.6843606,2.18E-29,5.03E-28,90416
ENSG00000127914,AKAP9,A-kinase anchoring protein 9,1.084273272,6.746636394,126.4634735,2.43E-29,5.62E-28,10142
ENSG00000101546,RBFA,ribosome binding factor A,1.071811443,3.600264284,125.0776713,4.89E-29,1.11E-27,79863
ENSG00000131931,THAP1,THAP domain containing 1,1.087389096,4.174763582,124.6139401,6.18E-29,1.39E-27,55145
ENSG00000114784,EIF1B,eukaryotic translation initiation factor 1B,1.454568038,6.346888189,124.137202,7.86E-29,1.75E-27,10289
ENSG00000174021,GNG5,G protein subunit gamma 5,1.059415403,4.482390621,122.9418264,1.44E-28,3.14E-27,2787
ENSG00000163166,IWS1,"interacts with SUPT6H, CTD assembly factor 1",1.653781485,5.599413038,122.7520262,1.58E-28,3.44E-27,55677
ENSG00000177197,PCNPP5,PEST containing nuclear protein pseudogene 5,1.173956591,3.019971716,122.0260909,2.28E-28,4.87E-27,
ENSG00000197498,RPF2,ribosome production factor 2 homolog,1.239718931,3.593053811,121.868501,2.47E-28,5.26E-27,84154
ENSG00000258016,HIGD1AP1,HIG1 hypoxia inducible domain family member 1A pseudogene 1,2.686968432,0.794759814,120.2541719,5.57E-28,1.16E-26,
ENSG00000152404,CWF19L2,CWF19 like cell cycle control factor 2,1.16133324,6.015954452,120.2431002,5.60E-28,1.16E-26,143884
ENSG00000211694,TRGV10,T cell receptor gamma variable 10 (non-functional),1.708748743,4.06167656,119.6659007,7.49E-28,1.55E-26,
ENSG00000011198,ABHD5,"abhydrolase domain containing 5, lysophosphatidic acid acyltransferase",1.924499574,6.036689562,119.4940846,8.16E-28,1.68E-26,51099
ENSG00000165168,CYBB,cytochrome b-245 beta chain,1.68804518,9.685617026,119.0506827,1.02E-27,2.08E-26,1536
ENSG00000261612,SUB1P3,SUB1 pseudogene 3,2.872409575,0.983551701,118.7783162,1.17E-27,2.37E-26,
ENSG00000198899,MT-ATP6,mitochondrially encoded ATP synthase membrane subunit 6,1.095863734,11.59400029,115.6588774,5.65E-27,1.10E-25,4508
ENSG00000166228,PCBD1,pterin-4 alpha-carbinolamine dehydratase 1,1.253125342,3.259536611,115.4094886,6.40E-27,1.24E-25,5092
ENSG00000134056,MRPS36,mitochondrial ribosomal protein S36,1.024520172,3.560587784,115.2124515,7.07E-27,1.36E-25,92259
ENSG00000188002,PDCD6P1,PDCD6 pseudogene 1,1.624778879,3.974708319,114.9998665,7.87E-27,1.51E-25,
ENSG00000068885,IFT80,intraflagellar transport 80,1.153350091,3.741228185,114.234239,1.16E-26,2.20E-25,57560
ENSG00000178498,DTX3,deltex E3 ubiquitin ligase 3,1.109382725,5.070370012,114.0854679,1.25E-26,2.37E-25,196403
ENSG00000225580,PA2G4P5,proliferation-associated 2G4 pseudogene 5,1.255067365,2.935205498,113.8667334,1.39E-26,2.64E-25,
ENSG00000165410,CFL2,cofilin 2,1.190266,4.776411065,112.7464368,2.45E-26,4.54E-25,1073
ENSG00000090104,RGS1,regulator of G protein signaling 1,2.411309265,5.702947816,111.9262838,3.71E-26,6.82E-25,5996
ENSG00000134539,KLRD1,killer cell lectin like receptor D1,1.484456356,8.629336826,111.4464456,4.72E-26,8.62E-25,3824
ENSG00000166262,FAM227B,family with sequence similarity 227 member B,1.469673221,2.907477722,110.6200823,7.17E-26,1.29E-24,196951
ENSG00000165476,REEP3,receptor accessory protein 3,1.068788811,5.466693564,109.4225706,1.31E-25,2.33E-24,221035
ENSG00000214832,UPF3AP2,UPF3A pseudogene 2,1.189864788,2.829043821,107.3723202,3.69E-25,6.33E-24,
ENSG00000120254,MTHFD1L,methylenetetrahydrofolate dehydrogenase (NADP+ dependent) 1 like,1.332780114,2.936262342,106.3134239,6.29E-25,1.07E-23,25902
ENSG00000236439,,ribosomal protein S27 (metallopanstimulin 1) (RPS27) pseudogene,1.329634573,3.992006698,104.9412475,1.26E-24,2.08E-23,
ENSG00000185482,STAC3,SH3 and cysteine rich domain 3,1.349348344,4.67252569,104.476448,1.59E-24,2.60E-23,246329
ENSG00000196209,SIRPB2,signal regulatory protein beta 2,1.531179706,5.421498871,104.4536016,1.61E-24,2.63E-23,284759
ENSG00000166523,CLEC4E,C-type lectin domain family 4 member E,2.244540109,6.39523566,104.4072967,1.65E-24,2.68E-23,26253
ENSG00000127989,MTERF1,mitochondrial transcription termination factor 1,1.044630677,3.813950704,103.3901589,2.75E-24,4.44E-23,7978
ENSG00000184831,APOO,apolipoprotein O,1.481223366,2.511711306,102.5907981,4.12E-24,6.60E-23,79135
ENSG00000168301,KCTD6,potassium channel tetramerization domain containing 6,1.197046507,3.466393811,102.3053406,4.76E-24,7.58E-23,200845
ENSG00000103187,COTL1,coactosin like F-actin binding protein 1,1.029129219,10.04327524,101.3051462,7.89E-24,1.23E-22,23406
ENSG00000075407,ZNF37A,zinc finger protein 37A,1.069312783,4.144621664,100.99598,9.22E-24,1.43E-22,7587
ENSG00000235613,NSRP1P1,nuclear speckle splicing regulatory protein 1 pseudogene 1,2.128945317,1.493238474,100.7339999,1.05E-23,1.63E-22,
ENSG00000272620,AFAP1-AS1,AFAP1 antisense RNA 1,3.989108636,1.009257619,100.4552308,1.21E-23,1.86E-22,84740
ENSG00000229835,KHSRPP1,KH-type splicing regulatory protein pseudogene 1,1.627854834,1.618924102,100.3005231,1.31E-23,2.01E-22,
ENSG00000236264,RPL26P30,ribosomal protein L26 pseudogene 30,1.812531193,1.628847722,100.0499173,1.49E-23,2.27E-22,
ENSG00000243199,RPL6P10,ribosomal protein L6 pseudogene 10,1.01576539,6.896098689,99.96736405,1.55E-23,2.36E-22,
ENSG00000215482,CALM2P3,calmodulin 2 pseudogene 3,2.765979083,0.574501776,97.95740644,4.27E-23,6.39E-22,
ENSG00000070081,NUCB2,nucleobindin 2,1.071045919,6.256479802,97.73329431,4.79E-23,7.13E-22,4925
ENSG00000230383,RPL6P19,ribosomal protein L6 pseudogene 19,1.109876346,4.531496519,97.37028554,5.75E-23,8.49E-22,
ENSG00000167555,ZNF528,zinc finger protein 528,1.343664636,3.500127888,96.51144839,8.87E-23,1.29E-21,84436
ENSG00000266088,,novel transcript,1.710802342,2.46497541,95.07031446,1.84E-22,2.61E-21,
ENSG00000227203,SUB1P1,SUB1 pseudogene 1,3.320831978,3.025286936,94.91569548,1.99E-22,2.81E-21,
ENSG00000135821,GLUL,glutamate-ammonia ligase,1.688625385,10.19263284,94.6347847,2.29E-22,3.22E-21,2752
ENSG00000236152,MRPS36P1,mitochondrial ribosomal protein S36 pseudogene 1,1.356301615,2.249877259,93.41886536,4.23E-22,5.82E-21,
ENSG00000230956,CAPZA1P1,CAPZA1 pseudogene 1,1.287280229,3.049491365,92.34952594,7.26E-22,9.84E-21,
ENSG00000197880,MDS2,myelodysplastic syndrome 2 translocation associated,1.870075861,2.760242134,92.26188646,7.59E-22,1.03E-20,259283
ENSG00000210112,MT-TM,mitochondrially encoded tRNA-Met (AUA/G),2.8984944,3.304255263,90.68768079,1.68E-21,2.24E-20,
ENSG00000226478,UPF3AP1,UPF3A pseudogene 1,1.079749643,2.914556558,90.61971564,1.74E-21,2.31E-20,
ENSG00000163564,PYHIN1,pyrin and HIN domain family member 1,1.004299721,6.205473276,89.18364451,3.60E-21,4.70E-20,149628
ENSG00000070831,CDC42,cell division cycle 42,1.082403165,3.275809045,88.96331198,4.02E-21,5.23E-20,998
ENSG00000139193,CD27,CD27 molecule,1.218837822,5.648623493,87.58524922,8.07E-21,1.02E-19,939
ENSG00000211814,TRAV35,T cell receptor alpha variable 35,2.377959093,1.971249787,85.07249811,2.88E-20,3.52E-19,
ENSG00000166527,CLEC4D,C-type lectin domain family 4 member D,1.882729282,4.430245262,85.05586544,2.90E-20,3.55E-19,338339
ENSG00000170545,SMAGP,small cell adhesion glycoprotein,1.091235212,3.349124462,84.94330169,3.07E-20,3.75E-19,57228
ENSG00000247627,MTND4P12,MT-ND4 pseudogene 12,2.220911504,1.665001116,83.6675438,5.85E-20,7.04E-19,
ENSG00000186265,BTLA,B and T lymphocyte associated,1.345155232,4.172809697,83.6485523,5.91E-20,7.10E-19,151888
ENSG00000228775,WEE2-AS1,WEE2 antisense RNA 1,1.700595419,1.793719501,83.64157888,5.93E-20,7.11E-19,285962
ENSG00000196476,C20orf96,chromosome 20 open reading frame 96,1.285347021,2.404552092,82.63853594,9.85E-20,1.17E-18,140680
ENSG00000153140,CETN3,centrin 3,1.158853671,3.025927517,82.30973768,1.16E-19,1.37E-18,1070
ENSG00000144182,LIPT1,lipoyltransferase 1,1.008627095,2.9784001,82.30770473,1.16E-19,1.37E-18,51601
ENSG00000269028,#N/A,#N/A,2.487411599,1.077617405,82.16638344,1.25E-19,1.46E-18,#N/A
ENSG00000155085,AK9,adenylate kinase 9,1.065282732,3.353446076,82.12463904,1.28E-19,1.49E-18,221264
ENSG00000163191,S100A11,S100 calcium binding protein A11,1.200732093,7.712177513,82.07660867,1.31E-19,1.53E-18,6282
ENSG00000277511,,novel transcript,1.540905328,2.146133595,81.98037344,1.37E-19,1.60E-18,
ENSG00000013392,RWDD2A,RWD domain containing 2A,1.258032028,3.148796944,80.53605991,2.85E-19,3.24E-18,112611
ENSG00000156384,SFR1,SWI5 dependent homologous recombination repair protein 1,1.058940483,3.113992996,80.50929393,2.89E-19,3.28E-18,119392
ENSG00000230457,PA2G4P4,proliferation-associated 2G4 pseudogene 4,1.146586156,2.673743533,79.11677878,5.85E-19,6.53E-18,
ENSG00000248049,UBA6-DT,UBA6 divergent transcript,1.070254582,2.781068003,79.11564348,5.86E-19,6.53E-18,
ENSG00000226544,RPL7P22,ribosomal protein L7 pseudogene 22,1.941869119,0.823796833,79.09074167,5.93E-19,6.61E-18,
ENSG00000224411,HSP90AA2P,"heat shock protein 90 alpha family class A member 2, pseudogene",1.146788801,3.437035066,78.72992422,7.12E-19,7.88E-18,
ENSG00000210127,MT-TA,mitochondrially encoded tRNA-Ala (GCN),2.946213121,1.597389941,78.39851525,8.42E-19,9.29E-18,
ENSG00000125744,RTN2,reticulon 2,1.672615124,2.674008709,78.35972166,8.59E-19,9.46E-18,6253
ENSG00000138036,DYNC2LI1,dynein cytoplasmic 2 light intermediate chain 1,1.519599243,2.196209465,78.33846846,8.68E-19,9.56E-18,51626
ENSG00000101439,CST3,cystatin C,1.265799978,9.188815188,78.05960432,1.00E-18,1.10E-17,1471
ENSG00000239523,MYLK-AS1,MYLK antisense RNA 1,2.283995964,0.910823437,77.6626019,1.22E-18,1.33E-17,100506826
ENSG00000210154,MT-TD,mitochondrially encoded tRNA-Asp (GAU/C),2.177282286,2.256454122,76.55423185,2.14E-18,2.31E-17,
ENSG00000251562,MALAT1,metastasis associated lung adenocarcinoma transcript 1,1.41245869,12.82520204,76.43322173,2.28E-18,2.45E-17,378938
ENSG00000198763,MT-ND2,mitochondrially encoded NADH:ubiquinone oxidoreductase core subunit 2,1.379960188,11.89684834,75.3670627,3.91E-18,4.15E-17,4536
ENSG00000198938,MT-CO3,mitochondrially encoded cytochrome c oxidase III,1.311949063,12.83509027,75.18527392,4.29E-18,4.53E-17,4514
ENSG00000228253,MT-ATP8,mitochondrially encoded ATP synthase membrane subunit 8,1.230213409,8.25823914,74.83686918,5.11E-18,5.37E-17,4509
ENSG00000213809,KLRK1,killer cell lectin like receptor K1,1.571081264,3.574488383,74.54752908,5.92E-18,6.18E-17,22914
ENSG00000260231,KDM7A-DT,KDM7A divergent transcript,1.168123591,3.916580803,73.97654603,7.91E-18,8.19E-17,100134229
ENSG00000243056,EIF4EBP3,eukaryotic translation initiation factor 4E binding protein 3,1.521384932,1.803642676,73.82205829,8.55E-18,8.83E-17,8637
ENSG00000210117,MT-TW,mitochondrially encoded tRNA-Trp (UGA/G),3.40189844,1.347882093,73.66282484,9.27E-18,9.54E-17,
ENSG00000125454,SLC25A19,solute carrier family 25 member 19,1.115855369,2.912611213,73.14983317,1.20E-17,1.23E-16,60386
ENSG00000205221,VIT,vitrin,2.819423521,1.794673924,72.49626919,1.67E-17,1.68E-16,5212
ENSG00000169583,CLIC3,chloride intracellular channel 3,1.371673677,5.341543173,72.21459913,1.93E-17,1.94E-16,9022
ENSG00000254887,POU2F2-AS1,POU2F2 antisense RNA 1,1.372373641,2.116902452,71.96470532,2.19E-17,2.18E-16,
ENSG00000220749,RPL21P28,ribosomal protein L21 pseudogene 28,1.28089888,2.70794403,71.68461105,2.52E-17,2.50E-16,
ENSG00000101400,SNTA1,syntrophin alpha 1,1.051635787,3.651780154,70.23126666,5.27E-17,5.08E-16,6640
ENSG00000121552,CSTA,cystatin A,1.283522462,6.151234886,70.20070371,5.36E-17,5.16E-16,1475
ENSG00000232499,,heterogeneous nuclear ribonucleoprotein A3 (hnRNPA3) pseudogene,1.078492382,2.710023512,69.90496204,6.22E-17,5.98E-16,
ENSG00000151665,PIGF,phosphatidylinositol glycan anchor biosynthesis class F,1.16069225,2.757154119,69.61105161,7.22E-17,6.87E-16,5281
ENSG00000275557,,novel transcript,1.208561009,4.068889047,68.96005673,1.00E-16,9.46E-16,
ENSG00000134864,GGACT,gamma-glutamylamine cyclotransferase,1.384736471,3.512786081,68.63009316,1.19E-16,1.11E-15,87769
ENSG00000049768,FOXP3,forkhead box P3,1.305778175,3.641795777,68.59980622,1.21E-16,1.13E-15,50943
ENSG00000175857,GAPT,"GRB2 binding adaptor protein, transmembrane",1.163849951,4.656936539,68.38209248,1.35E-16,1.26E-15,202309
ENSG00000113924,HGD,"homogentisate 1,2-dioxygenase",1.888058705,3.132605246,66.70835279,3.15E-16,2.85E-15,3081
ENSG00000213790,OLA1P1,OLA1 pseudogene 1,1.115025975,2.092803111,66.62879459,3.28E-16,2.96E-15,
ENSG00000168273,SMIM4,small integral membrane protein 4,1.059153896,2.380475448,66.54164993,3.43E-16,3.09E-15,440957
ENSG00000135211,TMEM60,transmembrane protein 60,1.062295453,3.137745395,66.29667272,3.88E-16,3.49E-15,85025
ENSG00000272288,ILRUN-AS1,ILRUN antisense RNA 1,1.504603472,1.493585377,66.02853014,4.44E-16,3.98E-15,101929243
ENSG00000230793,SMARCE1P5,"SWI/SNF related, matrix associated, actin dependent regulator of chromatin, subfamily e, member 1 pseudogene 5",1.317884141,1.75084589,65.94849658,4.63E-16,4.14E-15,
ENSG00000275302,CCL4,C-C motif chemokine ligand 4,1.443434231,6.769461157,65.74540388,5.13E-16,4.57E-15,6351
ENSG00000080986,NDC80,NDC80 kinetochore complex component,1.088536581,2.619705978,65.69512384,5.26E-16,4.68E-15,10403
ENSG00000228106,#N/A,#N/A,1.243798968,2.472948314,65.44174077,5.99E-16,5.30E-15,#N/A
ENSG00000116741,RGS2,regulator of G protein signaling 2,1.610312471,9.393276636,61.61608562,4.17E-15,3.45E-14,5997
ENSG00000211445,GPX3,glutathione peroxidase 3,1.64558602,2.954697472,61.23306763,5.07E-15,4.17E-14,2878
ENSG00000255823,#N/A,#N/A,1.722033514,1.178477155,61.09335302,5.44E-15,4.46E-14,#N/A
ENSG00000132436,FIGNL1,fidgetin like 1,1.031916028,3.330130235,60.71077245,6.61E-15,5.35E-14,63979
ENSG00000210184,MT-TS2,mitochondrially encoded tRNA-Ser (AGU/C) 2,2.269120636,1.921610381,60.05013714,9.25E-15,7.41E-14,
ENSG00000210174,MT-TR,mitochondrially encoded tRNA-Arg (CGN),1.778385973,3.85806035,59.81437753,1.04E-14,8.31E-14,
ENSG00000110844,PRPF40B,pre-mRNA processing factor 40 homolog B,1.263012935,2.089619719,59.28632492,1.36E-14,1.08E-13,25766
ENSG00000211806,TRAV25,T cell receptor alpha variable 25,1.706638655,1.829639014,58.93648188,1.63E-14,1.28E-13,
ENSG00000125245,GPR18,G protein-coupled receptor 18,1.107554199,3.788003794,58.83543283,1.71E-14,1.34E-13,2841
ENSG00000211805,TRAV24,T cell receptor alpha variable 24,2.06291926,1.704690304,58.75645108,1.78E-14,1.39E-13,
ENSG00000152475,ZNF837,zinc finger protein 837,1.167205687,2.089625807,58.45413132,2.08E-14,1.62E-13,116412
ENSG00000210176,MT-TH,mitochondrially encoded tRNA-His (CAU/C),2.040559667,2.721543987,58.08130915,2.52E-14,1.94E-13,
ENSG00000227087,RBMX2P5,RBMX2 pseudogene 5,1.032567594,1.98250387,57.53076836,3.33E-14,2.55E-13,
ENSG00000263482,ANTXRLP1,ANTXR like pseudogene 1,1.433005752,1.80937872,57.21430282,3.91E-14,2.97E-13,
ENSG00000271869,DCTN6-DT,DCTN6 divergent transcript,1.212347608,2.051351086,56.48497961,5.66E-14,4.23E-13,
ENSG00000162614,NEXN,nexilin F-actin binding protein,1.597941961,4.647187407,56.42076634,5.85E-14,4.37E-13,91624
ENSG00000248593,DSTNP2,DSTN pseudogene 2,1.119681519,2.063447475,55.65040425,8.66E-14,6.38E-13,
ENSG00000214552,COPS8P2,COP9 signalosome subunit 8 pseudogene 2,1.159746394,2.050045999,55.20629717,1.09E-13,7.95E-13,
ENSG00000267185,PTP4A2P1,PTP4A2 pseudogene 1,1.284903723,1.586414878,54.54342635,1.52E-13,1.10E-12,
ENSG00000103494,RPGRIP1L,RPGRIP1 like,1.66856639,1.70334257,54.16006113,1.85E-13,1.33E-12,23322
ENSG00000211802,TRAV22,T cell receptor alpha variable 22,1.80966387,1.625532758,54.01230437,1.99E-13,1.42E-12,
ENSG00000125733,TRIP10,thyroid hormone receptor interactor 10,1.017234569,2.665794411,53.94596035,2.06E-13,1.47E-12,9322
ENSG00000213366,GSTM2,glutathione S-transferase mu 2,1.305722563,3.959957412,53.34634931,2.80E-13,1.97E-12,2946
ENSG00000154146,NRGN,neurogranin,1.686053413,8.715591332,53.01407549,3.31E-13,2.32E-12,4900
ENSG00000161642,ZNF385A,zinc finger protein 385A,1.038482826,6.756841626,52.43775969,4.44E-13,3.08E-12,25946
ENSG00000210191,MT-TL2,mitochondrially encoded tRNA-Leu (CUN) 2,2.244187717,1.619435542,52.37800768,4.58E-13,3.16E-12,
ENSG00000270164,LINC01480,long intergenic non-protein coding RNA 1480,1.81038655,1.784813711,52.05714191,5.39E-13,3.70E-12,
ENSG00000197568,HHLA3,HERV-H LTR-associating 3,1.448588168,1.236391825,52.01300394,5.51E-13,3.78E-12,11147
ENSG00000171051,FPR1,formyl peptide receptor 1,1.472626866,9.151050356,51.60586587,6.78E-13,4.61E-12,2357
ENSG00000230092,,F-box only protein 25 (FBXO25) pseudogene,1.527801062,1.079142184,50.75191876,1.05E-12,7.04E-12,
ENSG00000168062,BATF2,basic leucine zipper ATF-like transcription factor 2,1.778596808,1.955107489,50.68522877,1.08E-12,7.27E-12,116071
ENSG00000234160,,novel transcript,1.097065942,1.712915283,50.24481142,1.36E-12,9.03E-12,
ENSG00000117318,ID3,inhibitor of DNA binding 3,1.036665355,3.252100795,49.56719592,1.92E-12,1.26E-11,3399
ENSG00000230426,LINC01036,long intergenic non-protein coding RNA 1036,2.347726593,1.692667251,48.13683494,3.97E-12,2.53E-11,104169671
ENSG00000182463,TSHZ2,teashirt zinc finger homeobox 2,1.050865595,3.950648968,48.03872045,4.18E-12,2.66E-11,128553
ENSG00000179862,CITED4,Cbp/p300 interacting transactivator with Glu/Asp rich carboxy-terminal domain 4,1.049958057,3.385011647,47.26422234,6.20E-12,3.87E-11,163732
ENSG00000229754,CXCR2P1,C-X-C motif chemokine receptor 2 pseudogene 1,1.385153539,5.222482964,47.00641336,7.08E-12,4.40E-11,
ENSG00000198056,PRIM1,DNA primase subunit 1,1.047207999,3.041871876,46.92948391,7.36E-12,4.57E-11,5557
ENSG00000185480,PARPBP,PARP1 binding protein,1.791100077,1.315124614,46.85244999,7.65E-12,4.74E-11,55010
ENSG00000065054,SLC9A3R2,SLC9A3 regulator 2,1.139385573,1.732237143,46.82751713,7.75E-12,4.79E-11,9351
ENSG00000232869,TRBV29-1,T cell receptor beta variable 29-1,1.360501062,4.766007756,46.77355541,7.97E-12,4.92E-11,
ENSG00000114405,C3orf14,chromosome 3 open reading frame 14,1.376313375,1.583633945,46.66065505,8.44E-12,5.20E-11,57415
ENSG00000214110,LDHAP4,lactate dehydrogenase A pseudogene 4,1.305403509,2.014771204,46.48122179,9.25E-12,5.68E-11,
ENSG00000141401,IMPA2,inositol monophosphatase 2,1.076060987,5.510666973,45.79972719,1.31E-11,7.93E-11,3613
ENSG00000174715,PPIAP72,peptidylprolyl isomerase A pseudogene 72,1.917792912,0.639064251,44.94074625,2.03E-11,1.21E-10,
ENSG00000171659,GPR34,G protein-coupled receptor 34,1.620545467,2.281424711,44.7623224,2.22E-11,1.32E-10,2857
ENSG00000180389,ATP5F1EP2,ATP synthase F1 subunit epsilon pseudogene 2,1.786557824,1.340262453,44.28003495,2.85E-11,1.67E-10,
ENSG00000211662,IGLV3-21,immunoglobulin lambda variable 3-21,1.98383319,5.05675478,43.79839389,3.64E-11,2.12E-10,
ENSG00000213089,PDCL3P5,PDCL3 pseudogene 5,1.383016014,0.991358693,43.67823946,3.87E-11,2.25E-10,
ENSG00000248508,SRP14-DT,SRP14 divergent transcript,1.111656729,1.918294041,43.37630046,4.52E-11,2.61E-10,100131089
ENSG00000131944,FAAP24,FA core complex associated protein 24,1.124051926,1.780568798,43.31881986,4.65E-11,2.69E-10,91442
ENSG00000204611,ZNF616,zinc finger protein 616,1.049836885,2.3525832,43.03911554,5.37E-11,3.09E-10,90317
ENSG00000235560,ZNF747-DT,ZNF747 divergent transcript,1.560756543,1.005096132,42.26607677,7.97E-11,4.51E-10,107984875
ENSG00000255198,SNHG9,small nucleolar RNA host gene 9,1.37866458,2.30681742,42.14012299,8.50E-11,4.80E-10,
ENSG00000181016,LSMEM1,leucine rich single-pass membrane protein 1,1.511909923,2.056495543,42.07190152,8.80E-11,4.96E-10,286006
ENSG00000104863,LIN7B,"lin-7 homolog B, crumbs cell polarity complex component",1.033814606,2.102354722,41.91990765,9.51E-11,5.33E-10,64130
ENSG00000136842,TMOD1,tropomodulin 1,2.278085842,3.246859845,41.8948914,9.63E-11,5.39E-10,7111
ENSG00000243811,APOBEC3D,apolipoprotein B mRNA editing enzyme catalytic subunit 3D,1.13829617,1.882674082,41.69303828,1.07E-10,5.93E-10,140564
ENSG00000277632,CCL3,C-C motif chemokine ligand 3,1.782639602,4.121536167,40.7602038,1.72E-10,9.37E-10,6348
ENSG00000090382,LYZ,lysozyme,1.204774246,11.36504541,40.62839159,1.84E-10,1.00E-09,4069
ENSG00000211791,TRAV13-2,T cell receptor alpha variable 13-2,1.102226419,2.655609762,40.29424585,2.18E-10,1.18E-09,
ENSG00000285053,TBCE,tubulin folding cofactor E,1.205369334,1.685039881,40.19839852,2.29E-10,1.23E-09,6905
ENSG00000211670,IGLV3-9,immunoglobulin lambda variable 3-9,1.762430437,2.444646781,39.66735226,3.01E-10,1.61E-09,
ENSG00000140876,NUDT7,nudix hydrolase 7,1.409810955,1.027241816,39.64315975,3.05E-10,1.62E-09,283927
ENSG00000204475,NCR3,natural cytotoxicity triggering receptor 3,1.024470758,5.528496695,38.91735987,4.42E-10,2.33E-09,259197
ENSG00000274422,,novel transcript,1.631479704,2.718541546,38.82617685,4.63E-10,2.44E-09,
ENSG00000100298,APOBEC3H,apolipoprotein B mRNA editing enzyme catalytic subunit 3H,1.125505799,2.504167877,38.67779425,5.00E-10,2.63E-09,164668
ENSG00000260992,DOCK9-DT,DOCK9 divergent transcript,1.295225456,1.495777225,38.64430385,5.09E-10,2.67E-09,
ENSG00000008394,MGST1,microsomal glutathione S-transferase 1,1.01267147,3.744000941,38.64113778,5.09E-10,2.67E-09,4257
ENSG00000210164,MT-TG,mitochondrially encoded tRNA-Gly (GGN),1.683401851,1.983957581,38.57567953,5.27E-10,2.76E-09,
ENSG00000188219,POTEE,POTE ankyrin domain family member E,1.180464095,1.526578175,38.43483805,5.66E-10,2.96E-09,445582
ENSG00000171643,S100Z,S100 calcium binding protein Z,1.110387195,2.114658832,38.23510972,6.27E-10,3.26E-09,170591
ENSG00000211659,IGLV3-25,immunoglobulin lambda variable 3-25,1.773725427,4.93942146,38.16772818,6.49E-10,3.37E-09,
ENSG00000111666,CHPT1,choline phosphotransferase 1,1.015471338,5.561804805,37.9514872,7.25E-10,3.74E-09,56994
ENSG00000229677,,ribosomal protein L17 (RPL17) pseudogene,1.325346138,0.992982537,37.84415149,7.66E-10,3.94E-09,
ENSG00000264895,,"novel transcript, sense intronic to MBTD1",1.75179916,1.195658882,37.59045646,8.73E-10,4.46E-09,
ENSG00000230673,PABPC1P3,poly(A) binding protein cytoplasmic 1 pseudogene 3,1.0636955,1.742807632,37.06522058,1.14E-09,5.77E-09,
ENSG00000211782,TRAV8-1,T cell receptor alpha variable 8-1,1.280609113,2.334707665,37.01801043,1.17E-09,5.91E-09,
ENSG00000108590,MED31,mediator complex subunit 31,1.111607026,2.050955556,36.97519854,1.20E-09,6.04E-09,51003
ENSG00000283633,,novel transcript,1.622547014,3.355399589,36.93160319,1.22E-09,6.17E-09,
ENSG00000231711,LINC00899,long intergenic non-protein coding RNA 899,1.272582354,1.659853712,36.85277013,1.27E-09,6.40E-09,
ENSG00000179965,ZNF771,zinc finger protein 771,1.140296632,1.354128783,36.299976,1.69E-09,8.44E-09,51333
ENSG00000167920,KRT10-AS1,KRT10 antisense RNA 1,1.297900578,1.198903268,36.14228258,1.83E-09,9.12E-09,147184
ENSG00000139173,TMEM117,transmembrane protein 117,1.048255051,2.064772346,35.36598096,2.73E-09,1.34E-08,84216
ENSG00000125841,NRSN2,neurensin 2,1.116123472,1.556484881,34.95941813,3.37E-09,1.64E-08,80023
ENSG00000246366,LACTB2-AS1,LACTB2 antisense RNA 1,1.325234921,1.644301295,34.49164923,4.28E-09,2.07E-08,286190
ENSG00000228495,LINC01013,long intergenic non-protein coding RNA 1013,2.34730999,0.680396996,34.25975949,4.82E-09,2.31E-08,
ENSG00000233461,,novel transcript,1.411045075,1.348519025,34.22406753,4.91E-09,2.35E-08,122526782
ENSG00000105251,SHD,Src homology 2 domain containing transforming protein D,2.031482363,1.302893829,33.99776738,5.52E-09,2.63E-08,56961
ENSG00000160307,S100B,S100 calcium binding protein B,2.451341905,4.884161945,33.89695332,5.81E-09,2.77E-08,6285
ENSG00000226396,,ribosomal protein S14 (RPS14) pseudogene,1.245671536,2.516182493,33.32791741,7.79E-09,3.67E-08,
ENSG00000213763,ACTBP2,ACTB pseudogene 2,1.279330791,2.001806511,33.29012599,7.94E-09,3.74E-08,
ENSG00000163736,PPBP,pro-platelet basic protein,1.488824007,7.671892362,32.89580147,9.72E-09,4.54E-08,5473
ENSG00000258704,SRP54-AS1,SRP54 antisense RNA 1,1.057424546,1.499811471,32.78775095,1.03E-08,4.78E-08,
ENSG00000176472,ZNF575,zinc finger protein 575,1.071550774,1.728751316,32.47501496,1.21E-08,5.57E-08,284346
ENSG00000174255,ZNF80,zinc finger protein 80,1.487261195,1.768072636,32.47226542,1.21E-08,5.57E-08,7634
ENSG00000167363,FN3K,fructosamine 3 kinase,1.469702839,1.161601731,31.63982964,1.86E-08,8.41E-08,64122
ENSG00000185527,PDE6G,phosphodiesterase 6G,1.039211305,2.120343074,30.99598036,2.59E-08,1.16E-07,5148
ENSG00000119782,FKBP1B,FKBP prolyl isomerase 1B,1.404400634,0.995213247,30.96935291,2.62E-08,1.17E-07,2281
ENSG00000246084,LINC02325,long intergenic non-protein coding RNA 2325,1.307426748,1.317982996,30.9175134,2.69E-08,1.20E-07,101929241
ENSG00000211766,TRBJ2-2P,T cell receptor beta joining 2-2P (non-functional),1.150700947,1.494304862,30.54341453,3.26E-08,1.44E-07,
ENSG00000085733,CTTN,cortactin,1.200376392,5.37328802,30.38872057,3.54E-08,1.55E-07,2017
ENSG00000120279,MYCT1,MYC target 1,1.769854223,1.236310947,29.96936231,4.39E-08,1.90E-07,80177
ENSG00000241755,IGKV1-9,immunoglobulin kappa variable 1-9,1.95289288,3.871723296,29.5146416,5.55E-08,2.38E-07,
ENSG00000154839,SKA1,spindle and kinetochore associated complex subunit 1,1.359958405,1.03368686,29.21241318,6.49E-08,2.76E-07,220134
ENSG00000278030,TRBV7-9,T cell receptor beta variable 7-9,1.126681814,4.218970167,29.17498442,6.61E-08,2.81E-07,
ENSG00000138772,ANXA3,annexin A3,1.594536182,3.993926962,29.1624083,6.66E-08,2.83E-07,306
ENSG00000141854,MISP3,MISP family member 3,1.136237139,2.28866256,29.05780883,7.03E-08,2.98E-07,113230
ENSG00000261654,,"novel transcript, sense overlapping C1orf103",1.485417997,1.457934201,28.50372741,9.35E-08,3.91E-07,
ENSG00000134827,TCN1,transcobalamin 1,1.44103549,3.118635655,28.30783897,1.03E-07,4.30E-07,6947
ENSG00000160145,KALRN,kalirin RhoGEF kinase,1.025167422,1.999840593,27.53350127,1.54E-07,6.30E-07,8997
ENSG00000210156,MT-TK,mitochondrially encoded tRNA-Lys (AAA/G),1.851268239,1.530261564,27.44185498,1.62E-07,6.59E-07,
ENSG00000105409,ATP1A3,ATPase Na+/K+ transporting subunit alpha 3,1.130314837,1.413941227,26.88219162,2.16E-07,8.72E-07,478
ENSG00000276085,CCL3L1,C-C motif chemokine ligand 3 like 1,1.993748693,5.87513215,26.82112319,2.23E-07,8.98E-07,6349
ENSG00000212864,RNF208,ring finger protein 208,1.585788987,1.23546653,26.77820038,2.28E-07,9.16E-07,727800
ENSG00000273456,,novel transcript,1.009398532,1.098263988,26.41312989,2.76E-07,1.10E-06,
ENSG00000233093,LINC00892,long intergenic non-protein coding RNA 892,1.073809959,2.075999388,26.3204937,2.89E-07,1.15E-06,100128420
ENSG00000258168,,"novel transcript, antisense to PTPRB",1.882162806,0.72092453,26.03726995,3.35E-07,1.32E-06,
ENSG00000125869,LAMP5,lysosomal associated membrane protein family member 5,1.102954893,2.327794713,25.66423457,4.06E-07,1.59E-06,24141
ENSG00000145936,KCNMB1,potassium calcium-activated channel subfamily M regulatory beta subunit 1,1.0637783,2.775357245,25.5796955,4.24E-07,1.65E-06,3779
ENSG00000116675,DNAJC6,DnaJ heat shock protein family (Hsp40) member C6,1.231812956,1.485536927,25.50113056,4.42E-07,1.72E-06,9829
ENSG00000188010,MORN2,MORN repeat containing 2,1.046660347,1.297857203,25.2208375,5.11E-07,1.97E-06,729967
ENSG00000244041,LINC01011,long intergenic non-protein coding RNA 1011,1.043743552,2.407292709,25.21354963,5.13E-07,1.98E-06,401232
ENSG00000213860,RPL21P75,ribosomal protein L21 pseudogene 75,1.191590369,1.839954389,24.86795374,6.14E-07,2.34E-06,
ENSG00000169245,CXCL10,C-X-C motif chemokine ligand 10,1.543084373,1.474482781,24.48013634,7.51E-07,2.84E-06,3627
ENSG00000254275,LINC00824,long intergenic non-protein coding RNA 824,1.889755335,1.326825692,24.04319639,9.42E-07,3.52E-06,
ENSG00000211597,IGKJ1,immunoglobulin kappa joining 1,1.113489436,1.508291817,23.94848705,9.89E-07,3.68E-06,
ENSG00000239855,IGKV1-6,immunoglobulin kappa variable 1-6,1.376499575,2.320645523,23.63655948,1.16E-06,4.29E-06,
ENSG00000254703,SENCR,smooth muscle and endothelial cell enriched migration/differentiation-associated lncRNA,1.149886036,1.408752758,22.80096154,1.80E-06,6.47E-06,100507392
ENSG00000133317,LGALS12,galectin 12,1.014763975,2.957090937,22.50774811,2.09E-06,7.48E-06,85329
ENSG00000250568,,"poly(A) binding protein, cytoplasmic 1 (PABPC1) pseudogene",1.301811511,0.968316533,22.43051818,2.18E-06,7.76E-06,
ENSG00000196656,,ribosomal protein S26 (RPS26) pseudogene,2.032099298,8.210225376,22.42621308,2.18E-06,7.78E-06,
ENSG00000165698,SPACA9,sperm acrosome associated 9,1.000609158,1.039415557,22.39558063,2.22E-06,7.89E-06,11092
ENSG00000203865,ATP1A1-AS1,ATP1A1 antisense RNA 1,1.01950086,0.996174449,21.98933198,2.74E-06,9.65E-06,84852
ENSG00000255733,IFNG-AS1,IFNG antisense RNA 1,1.488143821,1.795573509,21.66697228,3.24E-06,1.13E-05,100885789
ENSG00000167513,CDT1,chromatin licensing and DNA replication factor 1,1.02768522,1.681357377,21.30508371,3.92E-06,1.35E-05,81620
ENSG00000115423,DNAH6,dynein axonemal heavy chain 6,1.135180329,1.400292863,21.27413223,3.98E-06,1.37E-05,1768
ENSG00000146070,PLA2G7,phospholipase A2 group VII,1.024886293,3.295454831,21.26653048,4.00E-06,1.37E-05,7941
ENSG00000276241,,"novel transcript, antisense TBC1D3B",1.455381773,2.208659337,21.00192617,4.59E-06,1.56E-05,
ENSG00000174326,SLC16A11,solute carrier family 16 member 11,1.019412728,1.465882419,20.85178277,4.96E-06,1.68E-05,162515
ENSG00000140682,TGFB1I1,transforming growth factor beta 1 induced transcript 1,1.312531181,1.095049383,20.8257057,5.03E-06,1.70E-05,7041
ENSG00000152969,JAKMIP1,janus kinase and microtubule interacting protein 1,1.231046715,1.488616399,20.77028831,5.18E-06,1.75E-05,152789
ENSG00000186047,DLEU7,deleted in lymphocytic leukemia 7,1.157545262,1.657986036,20.40980778,6.25E-06,2.09E-05,220107
ENSG00000224650,IGHV3-74,immunoglobulin heavy variable 3-74,1.162984163,3.62589774,20.10557156,7.33E-06,2.43E-05,
ENSG00000242265,PEG10,paternally expressed 10,1.003364774,2.88072377,19.65926827,9.26E-06,3.03E-05,23089
ENSG00000254373,,ubiquinol-cytochrome c reductase binding protein (UQCRB) pseudogene,1.218786767,0.910741085,19.13264319,1.22E-05,3.92E-05,
ENSG00000133105,RXFP2,relaxin family peptide receptor 2,1.368108111,1.535700367,18.83903388,1.42E-05,4.54E-05,122042
ENSG00000101335,MYL9,myosin light chain 9,1.341883132,5.233247095,18.66593625,1.56E-05,4.95E-05,10398
ENSG00000256092,SBNO1-AS1,SBNO1 antisense RNA 1,1.0230081,1.493963384,18.66591128,1.56E-05,4.95E-05,112268105
ENSG00000243964,RPL23AP65,ribosomal protein L23a pseudogene 65,1.173677236,0.944549354,18.56766127,1.64E-05,5.19E-05,
ENSG00000158747,NBL1,"NBL1, DAN family BMP antagonist",1.27615509,2.663157824,18.36643004,1.82E-05,5.74E-05,4681
ENSG00000204815,ODAD4,outer dynein arm docking complex subunit 4,2.019994406,1.144673819,18.07822134,2.12E-05,6.61E-05,83538
ENSG00000132561,MATN2,matrilin 2,1.201470313,0.983623709,17.73469629,2.54E-05,7.82E-05,4147
ENSG00000211820,TRAV41,T cell receptor alpha variable 41,1.205375822,2.15214301,17.38507421,3.05E-05,9.29E-05,
ENSG00000236496,GPS2P1,G protein pathway suppressor 2 pseudogene 1,1.065565274,1.781654327,17.27471409,3.23E-05,9.81E-05,
ENSG00000211792,TRAV14DV4,T cell receptor alpha variable 14/delta variable 4,1.037488335,2.735821981,17.16607965,3.42E-05,0.000103506,
ENSG00000137198,GMPR,guanosine monophosphate reductase,1.197304712,4.536235924,17.11096203,3.53E-05,0.000106245,2766
ENSG00000211650,IGLV5-45,immunoglobulin lambda variable 5-45,1.179537373,1.593342292,17.06285924,3.62E-05,0.000108729,
ENSG00000145335,SNCA,synuclein alpha,1.590884212,6.718212753,16.69879935,4.38E-05,0.000130015,6622
ENSG00000255200,PGAM1P8,phosphoglycerate mutase 1 pseudogene 8,1.15212341,1.818822793,16.50148332,4.86E-05,0.000143359,
ENSG00000213087,,ribosomal protein S12 (RPS12) pseudogene,1.034904342,1.082350917,16.33516538,5.31E-05,0.000155692,
ENSG00000170442,KRT86,keratin 86,1.737423546,1.534483504,15.96538307,6.45E-05,0.000187189,3892
ENSG00000273319,,novel transcript,1.013378351,1.687606216,15.82587512,6.94E-05,0.000200777,
ENSG00000073792,IGF2BP2,insulin like growth factor 2 mRNA binding protein 2,1.019034381,4.474897872,15.77160912,7.15E-05,0.000206048,10644
ENSG00000268081,,"novel transcript, antisense to ZNF429",1.902062945,0.559070021,15.33420277,9.01E-05,0.000255657,
ENSG00000239948,RN7SL368P,"RNA, 7SL, cytoplasmic 368, pseudogene",1.340086971,0.968736416,15.26589867,9.34E-05,0.000264682,
ENSG00000213939,,ribosomal protein S12 (RPS12) pseudogene,1.128668045,1.711140877,15.25817267,9.38E-05,0.000265711,
ENSG00000231769,,novel transcript,1.003771524,1.561506554,15.17652209,9.79E-05,0.000276814,
ENSG00000072571,HMMR,hyaluronan mediated motility receptor,1.169611643,0.712097953,14.83433528,0.000117379,0.000327336,3161
ENSG00000173535,TNFRSF10C,TNF receptor superfamily member 10c,1.26001229,5.735579737,14.71702414,0.000124913,0.000347204,8794
ENSG00000102230,PCYT1B,"phosphate cytidylyltransferase 1B, choline",1.128357891,1.511288373,14.41477504,0.000146647,0.0004029,9468
ENSG00000232177,MTND4P24,MT-ND4 pseudogene 24,2.958202725,0.540021692,13.89717802,0.000193088,0.000521292,
ENSG00000215559,ANKRD20A11P,"ankyrin repeat domain 20 family member A11, pseudogene",1.388131547,2.833231725,13.35817723,0.000257298,0.000681732,
ENSG00000151575,TEX9,testis expressed 9,1.059532555,1.040749622,13.29059779,0.00026674,0.00070537,374618
ENSG00000182379,NXPH4,neurexophilin 4,1.207938769,0.921267713,12.8776032,0.000332538,0.000866839,11247
ENSG00000225630,MTND2P28,MT-ND2 pseudogene 28,1.29995883,4.829522121,12.60128164,0.000385482,0.000996222,
ENSG00000230257,NFE4,"nuclear factor, erythroid 4",1.655158614,0.925249969,12.11800452,0.000499373,0.00127091,58160
ENSG00000108691,CCL2,C-C motif chemokine ligand 2,1.459914893,1.930757655,11.90496458,0.000559845,0.001411023,6347
ENSG00000255422,,novel transcript,1.622528239,0.862563436,11.35292064,0.000753294,0.001856097,
ENSG00000244734,HBB,hemoglobin subunit beta,1.284548783,15.74503577,9.93404005,0.0016225,0.003761023,3043
ENSG00000243064,ABCC13,ATP binding cassette subfamily C member 13 (pseudogene),1.621419753,1.719771225,9.634872315,0.001909175,0.004360608,
ENSG00000206172,HBA1,hemoglobin subunit alpha 1,1.256744647,9.127131297,8.856793053,0.002920001,0.006431792,3039
ENSG00000008438,PGLYRP1,peptidoglycan recognition protein 1,1.106206135,2.199293332,8.686102349,0.003206456,0.007002391,8993
ENSG00000224114,,ribosomal protein S14 (RPS14) pseudogene,1.135776219,4.833351375,5.58783756,0.01808561,0.033711676,
ENSG00000231412,,novel transcript,1.141821105,1.404711436,5.179572242,0.02285395,0.041569938,
